,,,,,,SR ROUTE PLAN,,,
,,,,,,,,,
,,,,,,,,,
SL No,Region ,Area,Territory,"Distribution 
point/Dealer/ Sub-Distributor",Route,Section,CLUSTER,,
1,Dhaka,Dhaka East,Dhanmondi,Dhanmondi,1,DS,Boshir Uddin Road,"Boshir Uddin Road"",","""Boshir Uddin Road"","
2,Dhaka,Dhaka East,Dhanmondi,Dhanmondi,1,DS, Dali Bhari," Dali Bhari"",",""" Dali Bhari"","
3,Dhaka,Dhaka East,Dhanmondi,Dhanmondi,1,DS, Dolphin Bus Stand," Dolphin Bus Stand"",",""" Dolphin Bus Stand"","
4,Dhaka,Dhaka East,Dhanmondi,Dhanmondi,1,DS, Dolphin Goli," Dolphin Goli"",",""" Dolphin Goli"","
5,Dhaka,Dhaka East,Dhanmondi,Dhanmondi,1,DS, Kalabagan," Kalabagan"",",""" Kalabagan"","
6,Dhaka,Dhaka East,Dhanmondi,Dhanmondi,1,DS, Kalabagan 2nd Lane," Kalabagan 2nd Lane"",",""" Kalabagan 2nd Lane"","
7,Dhaka,Dhaka East,Dhanmondi,Dhanmondi,1,DS, Kalabagan Bus Stand," Kalabagan Bus Stand"",",""" Kalabagan Bus Stand"","
8,Dhaka,Dhaka East,Dhanmondi,Dhanmondi,1,DS, Lake Circus," Lake Circus"",",""" Lake Circus"","
9,Dhaka,Dhaka East,Dhanmondi,Dhanmondi,1,DS, Megla Bus Counter," Megla Bus Counter"",",""" Megla Bus Counter"","
10,Dhaka,Dhaka East,Dhanmondi,Dhanmondi,2,DS,Alamin Road,"Alamin Road"",","""Alamin Road"","
11,Dhaka,Dhaka East,Dhanmondi,Dhanmondi,2,DS, Central Hospital 5 No. Road," Central Hospital 5 No. Road"",",""" Central Hospital 5 No. Road"","
12,Dhaka,Dhaka East,Dhanmondi,Dhanmondi,2,DS, Dhanmondi 5 No. Road," Dhanmondi 5 No. Road"",",""" Dhanmondi 5 No. Road"","
13,Dhaka,Dhaka East,Dhanmondi,Dhanmondi,2,DS, Dhanmondi 6 No. Road," Dhanmondi 6 No. Road"",",""" Dhanmondi 6 No. Road"","
14,Dhaka,Dhaka East,Dhanmondi,Dhanmondi,2,DS, Dhanmondi 7 No. Road," Dhanmondi 7 No. Road"",",""" Dhanmondi 7 No. Road"","
15,Dhaka,Dhaka East,Dhanmondi,Dhanmondi,2,DS, Dhanmondi 8 No. Road," Dhanmondi 8 No. Road"",",""" Dhanmondi 8 No. Road"","
16,Dhaka,Dhaka East,Dhanmondi,Dhanmondi,2,DS, Kathal Bagan Bazar," Kathal Bagan Bazar"",",""" Kathal Bagan Bazar"","
17,Dhaka,Dhaka East,Dhanmondi,Dhanmondi,2,DS, Kathalbagan Bazar," Kathalbagan Bazar"",",""" Kathalbagan Bazar"","
18,Dhaka,Dhaka East,Dhanmondi,Dhanmondi,2,DS, Khaja Hotel," Khaja Hotel"",",""" Khaja Hotel"","
19,Dhaka,Dhaka East,Dhanmondi,Dhanmondi,2,DS, Lab Aid Hospital," Lab Aid Hospital"",",""" Lab Aid Hospital"","
20,Dhaka,Dhaka East,Dhanmondi,Dhanmondi,2,DS, Staff Quarter," Staff Quarter"",",""" Staff Quarter"","
21,Dhaka,Dhaka East,Dhanmondi,Dhanmondi,2,DS, Vojon Bilash," Vojon Bilash"",",""" Vojon Bilash"","
22,Dhaka,Dhaka East,Dhanmondi,Dhanmondi,3,A,Bata Signal,"Bata Signal"",","""Bata Signal"","
23,Dhaka,Dhaka East,Dhanmondi,Dhanmondi,3,B,Commissioner Goli,"Commissioner Goli"",","""Commissioner Goli"","
24,Dhaka,Dhaka East,Dhanmondi,Dhanmondi,3,A, Central Road," Central Road"",",""" Central Road"","
25,Dhaka,Dhaka East,Dhanmondi,Dhanmondi,3,B, Hatirpool Free School Street," Hatirpool Free School Street"",",""" Hatirpool Free School Street"","
26,Dhaka,Dhaka East,Dhanmondi,Dhanmondi,3,A, Coffee House Goli," Coffee House Goli"",",""" Coffee House Goli"","
27,Dhaka,Dhaka East,Dhanmondi,Dhanmondi,3,B, Hatirpool Mour," Hatirpool Mour"",",""" Hatirpool Mour"","
28,Dhaka,Dhaka East,Dhanmondi,Dhanmondi,3,A, Elephant Road," Elephant Road"",",""" Elephant Road"","
29,Dhaka,Dhaka East,Dhanmondi,Dhanmondi,3,B, Kalabagan Thana Vuter Goli," Kalabagan Thana Vuter Goli"",",""" Kalabagan Thana Vuter Goli"","
30,Dhaka,Dhaka East,Dhanmondi,Dhanmondi,3,A, Hatirpul Kancha Bazar," Hatirpul Kancha Bazar"",",""" Hatirpul Kancha Bazar"","
31,Dhaka,Dhaka East,Dhanmondi,Dhanmondi,3,B, North Circular Road," North Circular Road"",",""" North Circular Road"","
32,Dhaka,Dhaka East,Dhanmondi,Dhanmondi,3,A, Katabon," Katabon"",",""" Katabon"","
33,Dhaka,Dhaka East,Dhanmondi,Dhanmondi,3,B, Vuter Goli," Vuter Goli"",",""" Vuter Goli"","
34,Dhaka,Dhaka East,Dhanmondi,Dhanmondi,3,A, New Elephant Road," New Elephant Road"",",""" New Elephant Road"","
35,Dhaka,Dhaka East,Dhanmondi,Dhanmondi,3,B, Sonargaon Road Eastern Plaza," Sonargaon Road Eastern Plaza"",",""" Sonargaon Road Eastern Plaza"","
36,Dhaka,Dhaka East,Dhanmondi,Dhanmondi,4,A,Bangla Motors,"Bangla Motors"",","""Bangla Motors"","
37,Dhaka,Dhaka East,Dhanmondi,Dhanmondi,4,B,Alam Hotel,"Alam Hotel"",","""Alam Hotel"","
38,Dhaka,Dhaka East,Dhanmondi,Dhanmondi,4,A, Commissioner Goli," Commissioner Goli"",",""" Commissioner Goli"","
39,Dhaka,Dhaka East,Dhanmondi,Dhanmondi,4,B, Bangla Motors," Bangla Motors"",",""" Bangla Motors"","
40,Dhaka,Dhaka East,Dhanmondi,Dhanmondi,4,A, Crescent Rose," Crescent Rose"",",""" Crescent Rose"","
41,Dhaka,Dhaka East,Dhanmondi,Dhanmondi,4,B, Eastern Plaza," Eastern Plaza"",",""" Eastern Plaza"","
42,Dhaka,Dhaka East,Dhanmondi,Dhanmondi,4,A, Green Center," Green Center"",",""" Green Center"","
43,Dhaka,Dhaka East,Dhanmondi,Dhanmondi,4,B, Motalab Plaza," Motalab Plaza"",",""" Motalab Plaza"","
44,Dhaka,Dhaka East,Dhanmondi,Dhanmondi,4,A, Nasrullahar Bari," Nasrullahar Bari"",",""" Nasrullahar Bari"","
45,Dhaka,Dhaka East,Dhanmondi,Dhanmondi,4,B, Poribag Bazar," Poribag Bazar"",",""" Poribag Bazar"","
46,Dhaka,Dhaka East,Dhanmondi,Dhanmondi,4,A, poribagh," poribagh"",",""" poribagh"","
47,Dhaka,Dhaka East,Dhanmondi,Dhanmondi,4,B, Poribag Mosjid," Poribag Mosjid"",",""" Poribag Mosjid"","
48,Dhaka,Dhaka East,Dhanmondi,Dhanmondi,4,A, Pukur Par Mosjid," Pukur Par Mosjid"",",""" Pukur Par Mosjid"","
49,Dhaka,Dhaka East,Dhanmondi,Dhanmondi,4,B, Somoy TV," Somoy TV"",",""" Somoy TV"","
50,Dhaka,Dhaka East,Dhanmondi,Dhanmondi,4,A, Purkur Par," Purkur Par"",",""" Purkur Par"","
51,Dhaka,Dhaka East,Dhanmondi,Dhanmondi,4,B, Sonargaon Road  ," Sonargaon Road  "",",""" Sonargaon Road  "","
52,Dhaka,Dhaka East,Dhanmondi,Dhanmondi,4,A, Vuter Goli," Vuter Goli"",",""" Vuter Goli"","
53,Dhaka,Dhaka East,Dhanmondi,Dhanmondi,5,A,Bow Bazar,"Bow Bazar"",","""Bow Bazar"","
54,Dhaka,Dhaka East,Dhanmondi,Dhanmondi,5,B,Box Culvert,"Box Culvert"",","""Box Culvert"","
55,Dhaka,Dhaka East,Dhanmondi,Dhanmondi,5,A, Comfort Hospital," Comfort Hospital"",",""" Comfort Hospital"","
56,Dhaka,Dhaka East,Dhanmondi,Dhanmondi,5,B, Caffee Noor Hotel," Caffee Noor Hotel"",",""" Caffee Noor Hotel"","
57,Dhaka,Dhaka East,Dhanmondi,Dhanmondi,5,A, Gestolever Goli," Gestolever Goli"",",""" Gestolever Goli"","
58,Dhaka,Dhaka East,Dhanmondi,Dhanmondi,5,B, Free School Street," Free School Street"",",""" Free School Street"","
59,Dhaka,Dhaka East,Dhanmondi,Dhanmondi,5,A, Lake Circus," Lake Circus"",",""" Lake Circus"","
60,Dhaka,Dhaka East,Dhanmondi,Dhanmondi,5,B, Green Road," Green Road"",",""" Green Road"","
61,Dhaka,Dhaka East,Dhanmondi,Dhanmondi,5,A, Lal Fokir M.R," Lal Fokir M.R"",",""" Lal Fokir M.R"","
62,Dhaka,Dhaka East,Dhanmondi,Dhanmondi,5,A, New Bow Bazar," New Bow Bazar"",",""" New Bow Bazar"","
63,Dhaka,Dhaka East,Dhanmondi,Dhanmondi,5,A, Rasel Square," Rasel Square"",",""" Rasel Square"","
64,Dhaka,Dhaka East,Dhanmondi,Dhanmondi,5,A, Square Hospital," Square Hospital"",",""" Square Hospital"","
65,Dhaka,Dhaka East,Dhanmondi,Dhanmondi,6,DS,Basundhara City,"Basundhara City"",","""Basundhara City"","
66,Dhaka,Dhaka East,Dhanmondi,Dhanmondi,6,DS, Basundhara City East Side," Basundhara City East Side"",",""" Basundhara City East Side"","
67,Dhaka,Dhaka East,Dhanmondi,Dhanmondi,6,DS, Basundhara City West Side," Basundhara City West Side"",",""" Basundhara City West Side"","
68,Dhaka,Dhaka East,Dhanmondi,Dhanmondi,6,DS, Garden Road," Garden Road"",",""" Garden Road"","
69,Dhaka,Dhaka East,Dhanmondi,Dhanmondi,6,DS, Garden Road," Garden Road"",",""" Garden Road"","
70,Dhaka,Dhaka East,Dhanmondi,Dhanmondi,6,DS, Pantho Path," Pantho Path"",",""" Pantho Path"","
71,Dhaka,Dhaka East,Dhanmondi,Dhanmondi,6,DS, Green Road Pantha Path," Green Road Pantha Path"",",""" Green Road Pantha Path"","
72,Dhaka,Dhaka East,Dhanmondi,Dhanmondi,6,DS, Near Suvastu Tower," Near Suvastu Tower"",",""" Near Suvastu Tower"","
73,Dhaka,Dhaka East,Dhanmondi,Dhanmondi,6,DS, Pantho Path," Pantho Path"",",""" Pantho Path"","
74,Dhaka,Dhaka East,Dhanmondi,Dhanmondi,6,DS, Pantho Path Main Road," Pantho Path Main Road"",",""" Pantho Path Main Road"","
75,Dhaka,Dhaka East,Dhanmondi,Dhanmondi,6,DS, Pantho Path Signal," Pantho Path Signal"",",""" Pantho Path Signal"","
76,Dhaka,Dhaka East,Dhanmondi,Dhanmondi,6,DS, Pantho Path," Pantho Path"",",""" Pantho Path"","
77,Dhaka,Dhaka East,Dhanmondi,Dhanmondi,6,DS, Basundhara City," Basundhara City"",",""" Basundhara City"","
78,Dhaka,Dhaka East,Dhanmondi,Dhanmondi,6,DS, Samurai Convensionery," Samurai Convensionery"",",""" Samurai Convensionery"","
79,Dhaka,Dhaka East,Dhanmondi,Dhanmondi,6,DS, Sumurai Convensionery," Sumurai Convensionery"",",""" Sumurai Convensionery"","
80,Dhaka,Dhaka East,Dhanmondi,Dhanmondi,6,DS, Victoria University," Victoria University"",",""" Victoria University"","
81,Dhaka,Dhaka East,Dhanmondi,Dhanmondi,7,A,East Raza Bazar,"East Raza Bazar"",","""East Raza Bazar"","
82,Dhaka,Dhaka East,Dhanmondi,Dhanmondi,7,A, Sobhanbag," Sobhanbag"",",""" Sobhanbag"","
83,Dhaka,Dhaka East,Dhanmondi,Dhanmondi,7,B, Sobhanbag," Sobhanbag"",",""" Sobhanbag"","
84,Dhaka,Dhaka East,Dhanmondi,Dhanmondi,7,A, T&T Field," T&T Field"",",""" T&T Field"","
85,Dhaka,Dhaka East,Dhanmondi,Dhanmondi,7,B, Sukrabad Baazar," Sukrabad Baazar"",",""" Sukrabad Baazar"","
86,Dhaka,Dhaka East,Dhanmondi,Dhanmondi,7,B, New Model College," New Model College"",",""" New Model College"","
87,Dhaka,Dhaka East,Dhanmondi,Dhanmondi,7,B, Pantho Path Dhali Bari," Pantho Path Dhali Bari"",",""" Pantho Path Dhali Bari"","
88,Dhaka,Dhaka East,Dhanmondi,Dhanmondi,7,B, Sukrabad Bazar," Sukrabad Bazar"",",""" Sukrabad Bazar"","
89,Dhaka,Dhaka East,Dhanmondi,Dhanmondi,7,B, Sukrabad Bus Stand," Sukrabad Bus Stand"",",""" Sukrabad Bus Stand"","
90,Dhaka,Dhaka East,Dhanmondi,Dhanmondi,7,B, Sukrabad Dhal," Sukrabad Dhal"",",""" Sukrabad Dhal"","
91,Dhaka,Dhaka East,Dhanmondi,Dhanmondi,8,DS,Dhanmondi 27 Meena Bazar,"Dhanmondi 27 Meena Bazar"",","""Dhanmondi 27 Meena Bazar"","
92,Dhaka,Dhaka East,Dhanmondi,Dhanmondi,8,DS, Lalmatia Block-A," Lalmatia Block-A"",",""" Lalmatia Block-A"","
93,Dhaka,Dhaka East,Dhanmondi,Dhanmondi,8,DS, Lalmatia Block-E," Lalmatia Block-E"",",""" Lalmatia Block-E"","
94,Dhaka,Dhaka East,Dhanmondi,Dhanmondi,8,DS, Lalmatia Minar Mosjid," Lalmatia Minar Mosjid"",",""" Lalmatia Minar Mosjid"","
95,Dhaka,Dhaka East,Dhanmondi,Dhanmondi,8,DS, Lalmatia Wasa," Lalmatia Wasa"",",""" Lalmatia Wasa"","
96,Dhaka,Dhaka East,Dhanmondi,Dhanmondi,8,DS, Opposite of HSBC Bank," Opposite of HSBC Bank"",",""" Opposite of HSBC Bank"","
97,Dhaka,Dhaka East,Dhanmondi,Dhanmondi,8,DS, Rafa Plaza," Rafa Plaza"",",""" Rafa Plaza"","
98,Dhaka,Dhaka East,Dhanmondi,Dhanmondi,9,A,Ambagan,"Ambagan"",","""Ambagan"","
99,Dhaka,Dhaka East,Dhanmondi,Dhanmondi,9,B,Basundhara Back Side,"Basundhara Back Side"",","""Basundhara Back Side"","
100,Dhaka,Dhaka East,Dhanmondi,Dhanmondi,9,A, Amtala Raza Bazar," Amtala Raza Bazar"",",""" Amtala Raza Bazar"","
101,Dhaka,Dhaka East,Dhanmondi,Dhanmondi,9,B, Firmgate," Firmgate"",",""" Firmgate"","
102,Dhaka,Dhaka East,Dhanmondi,Dhanmondi,9,A, East Raza Bazar," East Raza Bazar"",",""" East Raza Bazar"","
103,Dhaka,Dhaka East,Dhanmondi,Dhanmondi,9,B, Garden Road," Garden Road"",",""" Garden Road"","
104,Dhaka,Dhaka East,Dhanmondi,Dhanmondi,9,A, Green Road Bonoful," Green Road Bonoful"",",""" Green Road Bonoful"","
105,Dhaka,Dhaka East,Dhanmondi,Dhanmondi,9,B, Green Super Janata Bank," Green Super Janata Bank"",",""" Green Super Janata Bank"","
106,Dhaka,Dhaka East,Dhanmondi,Dhanmondi,9,A, Green Road IBA Hostel," Green Road IBA Hostel"",",""" Green Road IBA Hostel"","
107,Dhaka,Dhaka East,Dhanmondi,Dhanmondi,9,B, Jahanara Garden," Jahanara Garden"",",""" Jahanara Garden"","
108,Dhaka,Dhaka East,Dhanmondi,Dhanmondi,9,A, Green Road Pantha Path Signal," Green Road Pantha Path Signal"",",""" Green Road Pantha Path Signal"","
109,Dhaka,Dhaka East,Dhanmondi,Dhanmondi,9,B, Purnima Restora," Purnima Restora"",",""" Purnima Restora"","
110,Dhaka,Dhaka East,Dhanmondi,Dhanmondi,9,A, Indira Road Bou Bazar," Indira Road Bou Bazar"",",""" Indira Road Bou Bazar"","
111,Dhaka,Dhaka East,Dhanmondi,Dhanmondi,9,B, Tejturi Bazar," Tejturi Bazar"",",""" Tejturi Bazar"","
112,Dhaka,Dhaka East,Dhanmondi,Dhanmondi,9,A, Indira Road Commissioner Goli," Indira Road Commissioner Goli"",",""" Indira Road Commissioner Goli"","
113,Dhaka,Dhaka East,Dhanmondi,Dhanmondi,9,A, Indira Road Raza Bazar," Indira Road Raza Bazar"",",""" Indira Road Raza Bazar"","
114,Dhaka,Dhaka East,Dhanmondi,Dhanmondi,10,DS,Indira Road,"Indira Road"",","""Indira Road"","
115,Dhaka,Dhaka East,Dhanmondi,Dhanmondi,10,DS, Manik Mia Avenue," Manik Mia Avenue"",",""" Manik Mia Avenue"","
116,Dhaka,Dhaka East,Dhanmondi,Dhanmondi,10,DS, Monipuri Para," Monipuri Para"",",""" Monipuri Para"","
117,Dhaka,Dhaka East,Dhanmondi,Dhanmondi,10,DS, Sejan Point," Sejan Point"",",""" Sejan Point"","
118,Dhaka,Dhaka East,Dhanmondi,Dhanmondi,10,DS, Tejgaon College," Tejgaon College"",",""" Tejgaon College"","
119,Dhaka,Dhaka East,Dhanmondi,Dhanmondi,11,DS,Khamar Bari Eye Hospital,"Khamar Bari Eye Hospital"",","""Khamar Bari Eye Hospital"","
120,Dhaka,Dhaka East,Dhanmondi,Dhanmondi,11,DS, Lion Shopping Complex," Lion Shopping Complex"",",""" Lion Shopping Complex"","
121,Dhaka,Dhaka East,Dhanmondi,Dhanmondi,11,DS, Monipuri Para Krishi Lab Mosjid," Monipuri Para Krishi Lab Mosjid"",",""" Monipuri Para Krishi Lab Mosjid"","
122,Dhaka,Dhaka East,Dhanmondi,Dhanmondi,11,DS, Police Box," Police Box"",",""" Police Box"","
123,Dhaka,Dhaka East,Dhanmondi,Dhanmondi,12,DS,66 Firmgate,"66 Firmgate"",","""66 Firmgate"","
124,Dhaka,Dhaka East,Dhanmondi,Dhanmondi,12,DS, Ananda Hall," Ananda Hall"",",""" Ananda Hall"","
125,Dhaka,Dhaka East,Dhanmondi,Dhanmondi,12,DS, Purnima Hall," Purnima Hall"",",""" Purnima Hall"","
126,Dhaka,Dhaka East,Dhanmondi,Dhanmondi,12,DS, UCC Coaching Center," UCC Coaching Center"",",""" UCC Coaching Center"","
127,Dhaka,Dhaka East,Dhanmondi,Dhanmondi,13,DS,Alu Bazar,"Alu Bazar"",","""Alu Bazar"","
128,Dhaka,Dhaka East,Dhanmondi,Dhanmondi,13,DS, Ambar Shah Masjid," Ambar Shah Masjid"",",""" Ambar Shah Masjid"","
129,Dhaka,Dhaka East,Dhanmondi,Dhanmondi,13,DS, City Corporation," City Corporation"",",""" City Corporation"","
130,Dhaka,Dhaka East,Dhanmondi,Dhanmondi,13,DS, East Tejturi Bazar," East Tejturi Bazar"",",""" East Tejturi Bazar"","
131,Dhaka,Dhaka East,Dhanmondi,Dhanmondi,13,DS, HRC Bhaban Kawran Bazar," HRC Bhaban Kawran Bazar"",",""" HRC Bhaban Kawran Bazar"","
132,Dhaka,Dhaka East,Dhanmondi,Dhanmondi,13,DS, Janata Tower Kawran Bazar," Janata Tower Kawran Bazar"",",""" Janata Tower Kawran Bazar"","
133,Dhaka,Dhaka East,Dhanmondi,Dhanmondi,13,DS, Prothom Alo Bhaban," Prothom Alo Bhaban"",",""" Prothom Alo Bhaban"","
134,Dhaka,Dhaka East,Dhanmondi,Dhanmondi,13,DS, Soudia Hotel," Soudia Hotel"",",""" Soudia Hotel"","
135,Dhaka,Dhaka East,Dhanmondi,Dhanmondi,14,A,1 No. DIT Market,"1 No. DIT Market"",","""1 No. DIT Market"","
136,Dhaka,Dhaka East,Dhanmondi,Dhanmondi,14,B,2 No. Super Market,"2 No. Super Market"",","""2 No. Super Market"","
137,Dhaka,Dhaka East,Dhanmondi,Dhanmondi,14,A, Bhanga Gate," Bhanga Gate"",",""" Bhanga Gate"","
138,Dhaka,Dhaka East,Dhanmondi,Dhanmondi,14,B, BTCC Bhaban," BTCC Bhaban"",",""" BTCC Bhaban"","
139,Dhaka,Dhaka East,Dhanmondi,Dhanmondi,14,A, FDC gate," FDC gate"",",""" FDC gate"","
140,Dhaka,Dhaka East,Dhanmondi,Dhanmondi,14,B, DIT Market," DIT Market"",",""" DIT Market"","
141,Dhaka,Dhaka East,Dhanmondi,Dhanmondi,14,A, Railgate," Railgate"",",""" Railgate"","
142,Dhaka,Dhaka East,Dhanmondi,Dhanmondi,14,B, ETV Goli," ETV Goli"",",""" ETV Goli"","
143,Dhaka,Dhaka East,Dhanmondi,Dhanmondi,14,A, Railway Market," Railway Market"",",""" Railway Market"","
144,Dhaka,Dhaka East,Dhanmondi,Dhanmondi,14,B, Hasina Market," Hasina Market"",",""" Hasina Market"","
145,Dhaka,Dhaka East,Dhanmondi,Dhanmondi,14,A, Truck Stand Mosjid Market," Truck Stand Mosjid Market"",",""" Truck Stand Mosjid Market"","
146,Dhaka,Dhaka East,Dhanmondi,Dhanmondi,14,B, Kitchen Market," Kitchen Market"",",""" Kitchen Market"","
147,Dhaka,Dhaka East,Dhanmondi,Dhanmondi,14,A, Wasa Bhaban," Wasa Bhaban"",",""" Wasa Bhaban"","
148,Dhaka,Dhaka East,Dhanmondi,Dhanmondi,14,B, Surma Hotel," Surma Hotel"",",""" Surma Hotel"","
149,Dhaka,Dhaka East,Dhanmondi,Dhanmondi,15,DS,Fakir Bazar,"Fakir Bazar"",","""Fakir Bazar"","
150,Dhaka,Dhaka East,Dhanmondi,Dhanmondi,15,DS, Kamal Potti," Kamal Potti"",",""" Kamal Potti"","
151,Dhaka,Dhaka East,Dhanmondi,Dhanmondi,15,DS, Kawran Bazar Railway Market," Kawran Bazar Railway Market"",",""" Kawran Bazar Railway Market"","
152,Dhaka,Dhaka East,Dhanmondi,Dhanmondi,15,DS, Khelagar Math," Khelagar Math"",",""" Khelagar Math"","
153,Dhaka,Dhaka East,Dhanmondi,Dhanmondi,15,DS, Machar Arot," Machar Arot"",",""" Machar Arot"","
154,Dhaka,Dhaka East,Dhanmondi,Dhanmondi,15,DS, Railway Market," Railway Market"",",""" Railway Market"","
155,Dhaka,Dhaka East,Dhanmondi,Dhanmondi,16,A,1 No. Rail Gate,"1 No. Rail Gate"",","""1 No. Rail Gate"","
156,Dhaka,Dhaka East,Dhanmondi,Dhanmondi,16,B,Airport Road,"Airport Road"",","""Airport Road"","
157,Dhaka,Dhaka East,Dhanmondi,Dhanmondi,16,A, Eskaton Road," Eskaton Road"",",""" Eskaton Road"","
158,Dhaka,Dhaka East,Dhanmondi,Dhanmondi,16,B, Awlad Hossan Market," Awlad Hossan Market"",",""" Awlad Hossan Market"","
159,Dhaka,Dhaka East,Dhanmondi,Dhanmondi,16,A, Firmgate Al Raji Hospital," Firmgate Al Raji Hospital"",",""" Firmgate Al Raji Hospital"","
160,Dhaka,Dhaka East,Dhanmondi,Dhanmondi,16,B, Eskaton Road," Eskaton Road"",",""" Eskaton Road"","
161,Dhaka,Dhaka East,Dhanmondi,Dhanmondi,16,A, Nimtoli Mosjid," Nimtoli Mosjid"",",""" Nimtoli Mosjid"","
162,Dhaka,Dhaka East,Dhanmondi,Dhanmondi,16,B, Holicross Road," Holicross Road"",",""" Holicross Road"","
163,Dhaka,Dhaka East,Dhanmondi,Dhanmondi,16,A, Tejkunipara Mohila College," Tejkunipara Mohila College"",",""" Tejkunipara Mohila College"","
164,Dhaka,Dhaka East,Dhanmondi,Dhanmondi,16,B, Kalmilata Bazar," Kalmilata Bazar"",",""" Kalmilata Bazar"","
165,Dhaka,Dhaka East,Dhanmondi,Dhanmondi,16,A, Tejkunipara Sceince College," Tejkunipara Sceince College"",",""" Tejkunipara Sceince College"","
166,Dhaka,Dhaka East,Dhanmondi,Dhanmondi,16,B, Khelagor Math," Khelagor Math"",",""" Khelagor Math"","
167,Dhaka,Dhaka East,Dhanmondi,Dhanmondi,16,B, Railway Market," Railway Market"",",""" Railway Market"","
168,Dhaka,Dhaka East,Dhanmondi,Dhanmondi,17,A,Galif Sarani,"Galif Sarani"",","""Galif Sarani"","
169,Dhaka,Dhaka East,Dhanmondi,Dhanmondi,17,B,12No Nakhal para,"12No Nakhal para"",","""12No Nakhal para"","
170,Dhaka,Dhaka East,Dhanmondi,Dhanmondi,17,A, Tezkuni para," Tezkuni para"",",""" Tezkuni para"","
171,Dhaka,Dhaka East,Dhanmondi,Dhanmondi,17,B, West Nakhal para," West Nakhal para"",",""" West Nakhal para"","
172,Dhaka,Dhaka East,Dhanmondi,Dhanmondi,17,A, Kathal tala Mour," Kathal tala Mour"",",""" Kathal tala Mour"","
173,Dhaka,Dhaka East,Dhanmondi,Dhanmondi,17,B, Bonoful goli," Bonoful goli"",",""" Bonoful goli"","
174,Dhaka,Dhaka East,Dhanmondi,Dhanmondi,17,A, Lucas Mour," Lucas Mour"",",""" Lucas Mour"","
175,Dhaka,Dhaka East,Dhanmondi,Dhanmondi,17,B, Elen Bari Nakhal para," Elen Bari Nakhal para"",",""" Elen Bari Nakhal para"","
176,Dhaka,Dhaka East,Dhanmondi,Dhanmondi,17,A, Nakhal para," Nakhal para"",",""" Nakhal para"","
177,Dhaka,Dhaka East,Dhanmondi,Dhanmondi,17,B, Saw Miller Dhal," Saw Miller Dhal"",",""" Saw Miller Dhal"","
178,Dhaka,Dhaka East,Dhanmondi,Dhanmondi,17,A, Rangs Road," Rangs Road"",",""" Rangs Road"","
179,Dhaka,Dhaka East,Dhanmondi,Dhanmondi,17,B, Sia Majar Dhal," Sia Majar Dhal"",",""" Sia Majar Dhal"","
180,Dhaka,Dhaka East,Dhanmondi,Dhanmondi,17,A,  Saw miler Dhal,"  Saw miler Dhal"",","""  Saw miler Dhal"","
181,Dhaka,Dhaka East,Dhanmondi,Dhanmondi,17,B,Super Market Road.,"Super Market Road."",","""Super Market Road."","
182,Dhaka,Dhaka East,Dhanmondi,Dhanmondi,18,DS,Channel I,"Channel I"",","""Channel I"","
183,Dhaka,Dhaka East,Dhanmondi,Dhanmondi,18,DS, Bottola," Bottola"",",""" Bottola"","
184,Dhaka,Dhaka East,Dhanmondi,Dhanmondi,18,DS, East Nakhalpara," East Nakhalpara"",",""" East Nakhalpara"","
185,Dhaka,Dhaka East,Dhanmondi,Dhanmondi,18,DS, Metropoliton Hospital," Metropoliton Hospital"",",""" Metropoliton Hospital"","
186,Dhaka,Dhaka East,Dhanmondi,Dhanmondi,18,DS, Rasulbag," Rasulbag"",",""" Rasulbag"","
187,Dhaka,Dhaka East,Dhanmondi,Dhanmondi,18,DS, S A Poribohon," S A Poribohon"",",""" S A Poribohon"","
188,Dhaka,Dhaka East,Dhanmondi,Dhanmondi,18,DS, Samity Bazar," Samity Bazar"",",""" Samity Bazar"","
189,Dhaka,Dhaka East,Dhanmondi,Dhanmondi,18,DS, Somity Bazar," Somity Bazar"",",""" Somity Bazar"","
190,Dhaka,Dhaka East,Dhanmondi,Dhanmondi,19,DS,Abbas Garden Mohakhali,"Abbas Garden Mohakhali"",","""Abbas Garden Mohakhali"","
191,Dhaka,Dhaka East,Dhanmondi,Dhanmondi,19,DS, Arjatpara 10 Mohakhali," Arjatpara 10 Mohakhali"",",""" Arjatpara 10 Mohakhali"","
192,Dhaka,Dhaka East,Dhanmondi,Dhanmondi,19,DS, BAT Gate," BAT Gate"",",""" BAT Gate"","
193,Dhaka,Dhaka East,Dhanmondi,Dhanmondi,19,DS, BRTC Counter," BRTC Counter"",",""" BRTC Counter"","
194,Dhaka,Dhaka East,Dhanmondi,Dhanmondi,19,DS, CNG Pump," CNG Pump"",",""" CNG Pump"","
195,Dhaka,Dhaka East,Dhanmondi,Dhanmondi,19,DS, Mohakhali," Mohakhali"",",""" Mohakhali"","
196,Dhaka,Dhaka East,Dhanmondi,Dhanmondi,19,DS, Mohakhali Bottola," Mohakhali Bottola"",",""" Mohakhali Bottola"","
197,Dhaka,Dhaka East,Dhanmondi,Dhanmondi,19,DS, Rail Gate," Rail Gate"",",""" Rail Gate"","
198,Dhaka,Dhaka East,Dhanmondi,Dhanmondi,19,DS, Railgate Mohakhali," Railgate Mohakhali"",",""" Railgate Mohakhali"","
199,Dhaka,Dhaka East,Dhanmondi,Dhanmondi,19,DS, Rawa Gate," Rawa Gate"",",""" Rawa Gate"","
200,Dhaka,Dhaka East,Dhanmondi,Dhanmondi,19,DS, Sahin bag 421 No. Goli," Sahin bag 421 No. Goli"",",""" Sahin bag 421 No. Goli"","
201,Dhaka,Dhaka East,Dhanmondi,Dhanmondi,19,DS, Sahin bag 6 No. Goli," Sahin bag 6 No. Goli"",",""" Sahin bag 6 No. Goli"","
202,Dhaka,Dhaka East,Dhanmondi,Dhanmondi,19,DS, Sahin Complex," Sahin Complex"",",""" Sahin Complex"","
203,Dhaka,Dhaka East,Dhanmondi,Dhanmondi,19,DS, Sahinbag Gate," Sahinbag Gate"",",""" Sahinbag Gate"","
204,Dhaka,Dhaka East,Dhanmondi,Dhanmondi,20,B,BG Press Staff Quarter,"BG Press Staff Quarter"",","""BG Press Staff Quarter"","
205,Dhaka,Dhaka East,Dhanmondi,Dhanmondi,20,B, Hazi Moron Ali Road," Hazi Moron Ali Road"",",""" Hazi Moron Ali Road"","
206,Dhaka,Dhaka East,Dhanmondi,Dhanmondi,20,B, Nabisco Mour," Nabisco Mour"",",""" Nabisco Mour"","
207,Dhaka,Dhaka East,Dhanmondi,Dhanmondi,20,A, 12 No. Goli," 12 No. Goli"",",""" 12 No. Goli"","
208,Dhaka,Dhaka East,Dhanmondi,Dhanmondi,20,B, Nakhalpar Bazar Road," Nakhalpar Bazar Road"",",""" Nakhalpar Bazar Road"","
209,Dhaka,Dhaka East,Dhanmondi,Dhanmondi,20,A, East Nakhalpara," East Nakhalpara"",",""" East Nakhalpara"","
210,Dhaka,Dhaka East,Dhanmondi,Dhanmondi,20,B, Nakhalpara Bazar," Nakhalpara Bazar"",",""" Nakhalpara Bazar"","
211,Dhaka,Dhaka East,Dhanmondi,Dhanmondi,20,A, Hazi Moron Ali Road," Hazi Moron Ali Road"",",""" Hazi Moron Ali Road"","
212,Dhaka,Dhaka East,Dhanmondi,Dhanmondi,20,B, Railgate  ," Railgate  "",",""" Railgate  "","
213,Dhaka,Dhaka East,Dhanmondi,Dhanmondi,20,A, Lichu Bagan," Lichu Bagan"",",""" Lichu Bagan"","
214,Dhaka,Dhaka East,Dhanmondi,Dhanmondi,20,B, Tibbot Goli," Tibbot Goli"",",""" Tibbot Goli"","
215,Dhaka,Dhaka East,Dhanmondi,Dhanmondi,20,A, Lucas Mour," Lucas Mour"",",""" Lucas Mour"","
216,Dhaka,Dhaka East,Dhanmondi,Dhanmondi,20,A, Nakhalpara Railgate," Nakhalpara Railgate"",",""" Nakhalpara Railgate"","
217,Dhaka,Dhaka East,Dhanmondi,Dhanmondi,20,A, Post Office Goli," Post Office Goli"",",""" Post Office Goli"","
218,Dhaka,Dhaka East,Dhanmondi,Dhanmondi,20,A, Sat Rasta," Sat Rasta"",",""" Sat Rasta"","
219,Dhaka,Dhaka East,Dhanmondi,Dhanmondi,20,A, West Nakhalpara," West Nakhalpara"",",""" West Nakhalpara"","
220,Dhaka,Dhaka East,Dhanmondi,Dhanmondi,21,DS,Arjat Para,"Arjat Para"",","""Arjat Para"","
221,Dhaka,Dhaka East,Dhanmondi,Dhanmondi,21,DS, Bou Bazar East Nakhalpara," Bou Bazar East Nakhalpara"",",""" Bou Bazar East Nakhalpara"","
222,Dhaka,Dhaka East,Dhanmondi,Dhanmondi,21,DS, Paglar Pul Bridge," Paglar Pul Bridge"",",""" Paglar Pul Bridge"","
223,Dhaka,Dhaka East,Dhanmondi,Dhanmondi,21,DS, Rasulbag Mohakhali," Rasulbag Mohakhali"",",""" Rasulbag Mohakhali"","
224,Dhaka,Dhaka East,Dhanmondi,Dhanmondi,21,DS, Rasulbag Mosjid Goli," Rasulbag Mosjid Goli"",",""" Rasulbag Mosjid Goli"","
225,Dhaka,Dhaka East,Dhanmondi,Dhanmondi,21,DS, Sadekur Rahman Hero Road," Sadekur Rahman Hero Road"",",""" Sadekur Rahman Hero Road"","
226,Dhaka,Dhaka East,Dhanmondi,Dhanmondi,22,DS,14 No. Goli,"14 No. Goli"",","""14 No. Goli"","
227,Dhaka,Dhaka East,Dhanmondi,Dhanmondi,22,DS, BRTC Goli," BRTC Goli"",",""" BRTC Goli"","
228,Dhaka,Dhaka East,Dhanmondi,Dhanmondi,22,DS, Rangs Goli," Rangs Goli"",",""" Rangs Goli"","
229,Dhaka,Dhaka East,Dhanmondi,Dhanmondi,22,DS, Rasulbag Mosjid Goli," Rasulbag Mosjid Goli"",",""" Rasulbag Mosjid Goli"","
230,Dhaka,Dhaka East,Dhanmondi,Dhanmondi,22,DS, Truck Stand," Truck Stand"",",""" Truck Stand"","
231,Dhaka,Dhaka East,Dhanmondi,Dhanmondi,23,A,Agargaon Bus Stand,"Agargaon Bus Stand"",","""Agargaon Bus Stand"","
232,Dhaka,Dhaka East,Dhanmondi,Dhanmondi,23,B,Betar Bhaban Gate,"Betar Bhaban Gate"",","""Betar Bhaban Gate"","
233,Dhaka,Dhaka East,Dhanmondi,Dhanmondi,23,A, Banijjoy Mela Math," Banijjoy Mela Math"",",""" Banijjoy Mela Math"","
234,Dhaka,Dhaka East,Dhanmondi,Dhanmondi,23,B, Coast Guard Bhaban Gate," Coast Guard Bhaban Gate"",",""" Coast Guard Bhaban Gate"","
235,Dhaka,Dhaka East,Dhanmondi,Dhanmondi,23,A, Bow Bazar," Bow Bazar"",",""" Bow Bazar"","
236,Dhaka,Dhaka East,Dhanmondi,Dhanmondi,23,B, Islamic Foundation," Islamic Foundation"",",""" Islamic Foundation"","
237,Dhaka,Dhaka East,Dhanmondi,Dhanmondi,23,A, Gonovobon School Gate," Gonovobon School Gate"",",""" Gonovobon School Gate"","
238,Dhaka,Dhaka East,Dhanmondi,Dhanmondi,23,B, Jokkha Hospital Gate," Jokkha Hospital Gate"",",""" Jokkha Hospital Gate"","
239,Dhaka,Dhaka East,Dhanmondi,Dhanmondi,23,A, Krishi college Gate," Krishi college Gate"",",""" Krishi college Gate"","
240,Dhaka,Dhaka East,Dhanmondi,Dhanmondi,23,B, Neuro Science Hospital," Neuro Science Hospital"",",""" Neuro Science Hospital"","
241,Dhaka,Dhaka East,Dhanmondi,Dhanmondi,23,A, Nirbachon Commission 2Nd gate," Nirbachon Commission 2Nd gate"",",""" Nirbachon Commission 2Nd gate"","
242,Dhaka,Dhaka East,Dhanmondi,Dhanmondi,23,B, Pongu Hospital Gate," Pongu Hospital Gate"",",""" Pongu Hospital Gate"","
243,Dhaka,Dhaka East,Dhanmondi,Dhanmondi,23,A, Paka Market," Paka Market"",",""" Paka Market"","
244,Dhaka,Dhaka East,Dhanmondi,Dhanmondi,23,B, Shishu Hospital Gate," Shishu Hospital Gate"",",""" Shishu Hospital Gate"","
245,Dhaka,Dhaka East,Dhanmondi,Dhanmondi,23,A, Passport Office," Passport Office"",",""" Passport Office"","
246,Dhaka,Dhaka East,Dhanmondi,Dhanmondi,23,B, Songeet College Gate," Songeet College Gate"",",""" Songeet College Gate"","
247,Dhaka,Dhaka East,Dhanmondi,Dhanmondi,23,A, Sahid Shorwardi Hospital," Sahid Shorwardi Hospital"",",""" Sahid Shorwardi Hospital"","
248,Dhaka,Dhaka East,Dhanmondi,Dhanmondi,23,A, Sharwardi Dokkhin Gate," Sharwardi Dokkhin Gate"",",""" Sharwardi Dokkhin Gate"","
249,Dhaka,Dhaka East,Dhanmondi,Dhanmondi,23,A, Sorwardi South Gate," Sorwardi South Gate"",",""" Sorwardi South Gate"","
250,Dhaka,Dhaka East,Dhanmondi,Dhanmondi,24,DS,Agargaon Bazar,"Agargaon Bazar"",","""Agargaon Bazar"","
251,Dhaka,Dhaka East,Dhanmondi,Dhanmondi,24,DS, Agargaon Bus Stand," Agargaon Bus Stand"",",""" Agargaon Bus Stand"","
252,Dhaka,Dhaka East,Dhanmondi,Dhanmondi,24,DS, IDB," IDB"",",""" IDB"","
253,Dhaka,Dhaka East,Dhanmondi,Dhanmondi,24,DS, Janata Housing," Janata Housing"",",""" Janata Housing"","
254,Dhaka,Dhaka East,Dhanmondi,Dhanmondi,24,DS, Paka Market," Paka Market"",",""" Paka Market"","
255,Dhaka,Dhaka East,Dhanmondi,Dhanmondi,24,DS, Sceince Museum," Sceince Museum"",",""" Sceince Museum"","
256,Dhaka,Dhaka East,Dhanmondi,Dhanmondi,24,DS, Taltola," Taltola"",",""" Taltola"","
257,Dhaka,Dhaka East,Dhanmondi,Dhanmondi,24,DS, Taltola  ," Taltola  "",",""" Taltola  "","
258,Dhaka,Dhaka East,Dhanmondi,Dhanmondi,24,DS, Taltola Bazar," Taltola Bazar"",",""" Taltola Bazar"","
259,Dhaka,Dhaka East,Dhanmondi,Dhanmondi,24,DS, Taltola Coloni," Taltola Coloni"",",""" Taltola Coloni"","
260,Dhaka,Dhaka East,Dhanmondi,Dhanmondi,24,DS, Water Tanky," Water Tanky"",",""" Water Tanky"","
261,Dhaka,Dhaka East,Dhanmondi,Dhanmondi,25,A,6th Floor Garments,"6th Floor Garments"",","""6th Floor Garments"","
262,Dhaka,Dhaka East,Dhanmondi,Dhanmondi,25,B,Amirer Tek,"Amirer Tek"",","""Amirer Tek"","
263,Dhaka,Dhaka East,Dhanmondi,Dhanmondi,25,A, Amirer Tek," Amirer Tek"",",""" Amirer Tek"","
264,Dhaka,Dhaka East,Dhanmondi,Dhanmondi,25,B, Bhuiyan Goli," Bhuiyan Goli"",",""" Bhuiyan Goli"","
265,Dhaka,Dhaka East,Dhanmondi,Dhanmondi,25,A, Bhanga Bridge," Bhanga Bridge"",",""" Bhanga Bridge"","
266,Dhaka,Dhaka East,Dhanmondi,Dhanmondi,25,B, BNP Bazar  ," BNP Bazar  "",",""" BNP Bazar  "","
267,Dhaka,Dhaka East,Dhanmondi,Dhanmondi,25,A, BNP Bazar," BNP Bazar"",",""" BNP Bazar"","
268,Dhaka,Dhaka East,Dhanmondi,Dhanmondi,25,B, BNP Bazar New Road," BNP Bazar New Road"",",""" BNP Bazar New Road"","
269,Dhaka,Dhaka East,Dhanmondi,Dhanmondi,25,A, BNP Bazar New Road," BNP Bazar New Road"",",""" BNP Bazar New Road"","
270,Dhaka,Dhaka East,Dhanmondi,Dhanmondi,25,B, Commissioner Goli," Commissioner Goli"",",""" Commissioner Goli"","
271,Dhaka,Dhaka East,Dhanmondi,Dhanmondi,25,A, Commissioner Goli," Commissioner Goli"",",""" Commissioner Goli"","
272,Dhaka,Dhaka East,Dhanmondi,Dhanmondi,25,B, Kazi Office," Kazi Office"",",""" Kazi Office"","
273,Dhaka,Dhaka East,Dhanmondi,Dhanmondi,25,A, Khanka Sharif," Khanka Sharif"",",""" Khanka Sharif"","
274,Dhaka,Dhaka East,Dhanmondi,Dhanmondi,25,B, Khanka Sharif," Khanka Sharif"",",""" Khanka Sharif"","
275,Dhaka,Dhaka East,Dhanmondi,Dhanmondi,25,A, Sceince Museum," Sceince Museum"",",""" Sceince Museum"","
276,Dhaka,Dhaka East,Dhanmondi,Dhanmondi,25,B, Shamoli 2 No. Road," Shamoli 2 No. Road"",",""" Shamoli 2 No. Road"","
277,Dhaka,Dhaka East,Dhanmondi,Dhanmondi,25,A, Shapla Housing," Shapla Housing"",",""" Shapla Housing"","
278,Dhaka,Dhaka East,Dhanmondi,Dhanmondi,26,A,CNG Gate,"CNG Gate"",","""CNG Gate"","
279,Dhaka,Dhaka East,Dhanmondi,Dhanmondi,26,B,Balur Math,"Balur Math"",","""Balur Math"","
280,Dhaka,Dhaka East,Dhanmondi,Dhanmondi,26,A, Darus Salam Bazar," Darus Salam Bazar"",",""" Darus Salam Bazar"","
281,Dhaka,Dhaka East,Dhanmondi,Dhanmondi,26,B, BRTC Gate," BRTC Gate"",",""" BRTC Gate"","
282,Dhaka,Dhaka East,Dhanmondi,Dhanmondi,26,A, Darus Salam Dhal," Darus Salam Dhal"",",""" Darus Salam Dhal"","
283,Dhaka,Dhaka East,Dhanmondi,Dhanmondi,26,B, Kallanpur 11 No. Road," Kallanpur 11 No. Road"",",""" Kallanpur 11 No. Road"","
284,Dhaka,Dhaka East,Dhanmondi,Dhanmondi,26,A, Darus Salam Main Road," Darus Salam Main Road"",",""" Darus Salam Main Road"","
285,Dhaka,Dhaka East,Dhanmondi,Dhanmondi,26,B, Kallanpur 3 No. Road," Kallanpur 3 No. Road"",",""" Kallanpur 3 No. Road"","
286,Dhaka,Dhaka East,Dhanmondi,Dhanmondi,26,A, Darus Salam Mosque," Darus Salam Mosque"",",""" Darus Salam Mosque"","
287,Dhaka,Dhaka East,Dhanmondi,Dhanmondi,26,B, Kallanpur Bus Stand," Kallanpur Bus Stand"",",""" Kallanpur Bus Stand"","
288,Dhaka,Dhaka East,Dhanmondi,Dhanmondi,26,A, Darus Salam Road," Darus Salam Road"",",""" Darus Salam Road"","
289,Dhaka,Dhaka East,Dhanmondi,Dhanmondi,26,B, Kallanpur Main Road," Kallanpur Main Road"",",""" Kallanpur Main Road"","
290,Dhaka,Dhaka East,Dhanmondi,Dhanmondi,26,A, Darus Salam Stand," Darus Salam Stand"",",""" Darus Salam Stand"","
291,Dhaka,Dhaka East,Dhanmondi,Dhanmondi,26,B, Kallyanpur  Bus Stand," Kallyanpur  Bus Stand"",",""" Kallyanpur  Bus Stand"","
292,Dhaka,Dhaka East,Dhanmondi,Dhanmondi,26,A, Krishnachura," Krishnachura"",",""" Krishnachura"","
293,Dhaka,Dhaka East,Dhanmondi,Dhanmondi,26,B, Kallyanpur Bus Stand," Kallyanpur Bus Stand"",",""" Kallyanpur Bus Stand"","
294,Dhaka,Dhaka East,Dhanmondi,Dhanmondi,26,A, Sahid Minar Road," Sahid Minar Road"",",""" Sahid Minar Road"","
295,Dhaka,Dhaka East,Dhanmondi,Dhanmondi,26,B, Sahid Minar Road," Sahid Minar Road"",",""" Sahid Minar Road"","
296,Dhaka,Dhaka East,Dhanmondi,Dhanmondi,26,A, Technical Mour," Technical Mour"",",""" Technical Mour"","
297,Dhaka,Dhaka East,Dhanmondi,Dhanmondi,26,A, Tower," Tower"",",""" Tower"","
298,Dhaka,Dhaka East,Dhanmondi,Dhanmondi,27,DS,3 No. Road Shyamoli,"3 No. Road Shyamoli"",","""3 No. Road Shyamoli"","
299,Dhaka,Dhaka East,Dhanmondi,Dhanmondi,27,DS, Asadgate," Asadgate"",",""" Asadgate"","
300,Dhaka,Dhaka East,Dhanmondi,Dhanmondi,27,DS, Bata Shopping Mall," Bata Shopping Mall"",",""" Bata Shopping Mall"","
301,Dhaka,Dhaka East,Dhanmondi,Dhanmondi,27,DS, Darus Salam Tower," Darus Salam Tower"",",""" Darus Salam Tower"","
302,Dhaka,Dhaka East,Dhanmondi,Dhanmondi,27,DS, Dipjol Pump," Dipjol Pump"",",""" Dipjol Pump"","
303,Dhaka,Dhaka East,Dhanmondi,Dhanmondi,27,DS, Hanif Counter Kallyanpur," Hanif Counter Kallyanpur"",",""" Hanif Counter Kallyanpur"","
304,Dhaka,Dhaka East,Dhanmondi,Dhanmondi,27,DS, Khaja Market Kallyanpur," Khaja Market Kallyanpur"",",""" Khaja Market Kallyanpur"","
305,Dhaka,Dhaka East,Dhanmondi,Dhanmondi,27,DS, Kidni Hospital," Kidni Hospital"",",""" Kidni Hospital"","
306,Dhaka,Dhaka East,Dhanmondi,Dhanmondi,27,DS, Sahid Shorwardi Hospital," Sahid Shorwardi Hospital"",",""" Sahid Shorwardi Hospital"","
307,Dhaka,Dhaka East,Dhanmondi,Dhanmondi,27,DS, Sahid Sorwardi," Sahid Sorwardi"",",""" Sahid Sorwardi"","
308,Dhaka,Dhaka East,Dhanmondi,Dhanmondi,27,DS, Samoly Market," Samoly Market"",",""" Samoly Market"","
309,Dhaka,Dhaka East,Dhanmondi,Dhanmondi,27,DS, Shamoli 2 No. Road," Shamoli 2 No. Road"",",""" Shamoli 2 No. Road"","
310,Dhaka,Dhaka East,Dhanmondi,Dhanmondi,27,DS, Shamoly," Shamoly"",",""" Shamoly"","
311,Dhaka,Dhaka East,Dhanmondi,Dhanmondi,27,DS, Shishu Mela," Shishu Mela"",",""" Shishu Mela"","
312,Dhaka,Dhaka East,Dhanmondi,Dhanmondi,28,DS,Asadgate,"Asadgate"",","""Asadgate"","
313,Dhaka,Dhaka East,Dhanmondi,Dhanmondi,28,DS, Babor Road," Babor Road"",",""" Babor Road"","
314,Dhaka,Dhaka East,Dhanmondi,Dhanmondi,28,DS, College Gate," College Gate"",",""" College Gate"","
315,Dhaka,Dhaka East,Dhanmondi,Dhanmondi,28,DS, Lalmatia Wasa," Lalmatia Wasa"",",""" Lalmatia Wasa"","
316,Dhaka,Dhaka East,Dhanmondi,Dhanmondi,28,DS, New Colony," New Colony"",",""" New Colony"","
317,Dhaka,Dhaka East,Dhanmondi,Dhanmondi,28,DS, Ring Road," Ring Road"",",""" Ring Road"","
318,Dhaka,Dhaka East,Dhanmondi,Dhanmondi,28,DS, Shamoly Hall," Shamoly Hall"",",""" Shamoly Hall"","
319,Dhaka,Dhaka East,Dhanmondi,Dhanmondi,28,DS, Sir Syed Road," Sir Syed Road"",",""" Sir Syed Road"","
320,Dhaka,Dhaka East,Dhanmondi,Dhanmondi,29,DS,1 No. Geneva Camp,"1 No. Geneva Camp"",","""1 No. Geneva Camp"","
321,Dhaka,Dhaka East,Dhanmondi,Dhanmondi,29,DS, Aziz Moholla," Aziz Moholla"",",""" Aziz Moholla"","
322,Dhaka,Dhaka East,Dhanmondi,Dhanmondi,29,DS, Bazar Road," Bazar Road"",",""" Bazar Road"","
323,Dhaka,Dhaka East,Dhanmondi,Dhanmondi,29,DS, Gojnobi Road," Gojnobi Road"",",""" Gojnobi Road"","
324,Dhaka,Dhaka East,Dhanmondi,Dhanmondi,29,DS, Humayun Road," Humayun Road"",",""" Humayun Road"","
325,Dhaka,Dhaka East,Dhanmondi,Dhanmondi,29,DS, Jannatbag Khelar Math," Jannatbag Khelar Math"",",""" Jannatbag Khelar Math"","
326,Dhaka,Dhaka East,Dhanmondi,Dhanmondi,29,DS, Puratan Thana," Puratan Thana"",",""" Puratan Thana"","
327,Dhaka,Dhaka East,Dhanmondi,Dhanmondi,29,DS, Shajahan Road," Shajahan Road"",",""" Shajahan Road"","
328,Dhaka,Dhaka East,Dhanmondi,Dhanmondi,29,DS, SP Road," SP Road"",",""" SP Road"","
329,Dhaka,Dhaka East,Dhanmondi,Dhanmondi,29,DS, Tajmahal Road," Tajmahal Road"",",""" Tajmahal Road"","
330,Dhaka,Dhaka East,Dhanmondi,Dhanmondi,29,DS, Tikka Para," Tikka Para"",",""" Tikka Para"","
331,Dhaka,Dhaka East,Dhanmondi,Dhanmondi,30,DS,Humayun Road,"Humayun Road"",","""Humayun Road"","
332,Dhaka,Dhaka East,Dhanmondi,Dhanmondi,30,DS, Krishi Market," Krishi Market"",",""" Krishi Market"","
333,Dhaka,Dhaka East,Dhanmondi,Dhanmondi,30,DS, Krishi Market 1 No. Gate," Krishi Market 1 No. Gate"",",""" Krishi Market 1 No. Gate"","
334,Dhaka,Dhaka East,Dhanmondi,Dhanmondi,30,DS, Krishi Market Chal Bazar," Krishi Market Chal Bazar"",",""" Krishi Market Chal Bazar"","
335,Dhaka,Dhaka East,Dhanmondi,Dhanmondi,30,DS, Krishi market," Krishi market"",",""" Krishi market"","
336,Dhaka,Dhaka East,Dhanmondi,Dhanmondi,30,DS, Kancha Bazar," Kancha Bazar"",",""" Kancha Bazar"","
337,Dhaka,Dhaka East,Dhanmondi,Dhanmondi,30,DS, Minar Mosjid," Minar Mosjid"",",""" Minar Mosjid"","
338,Dhaka,Dhaka East,Dhanmondi,Dhanmondi,30,DS, Nahar Hotel," Nahar Hotel"",",""" Nahar Hotel"","
339,Dhaka,Dhaka East,Dhanmondi,Dhanmondi,30,DS, Tajmahal  ," Tajmahal  "",",""" Tajmahal  "","
340,Dhaka,Dhaka East,Dhanmondi,Dhanmondi,30,DS, Tajmahal Road," Tajmahal Road"",",""" Tajmahal Road"","
341,Dhaka,Dhaka East,Dhanmondi,Dhanmondi,30,DS, Tikka Para," Tikka Para"",",""" Tikka Para"","
342,Dhaka,Dhaka East,Dhanmondi,Dhanmondi,31,A,Golden Street,"Golden Street"",","""Golden Street"","
343,Dhaka,Dhaka East,Dhanmondi,Dhanmondi,31,B,Aziz Moholla Mosjid Market,"Aziz Moholla Mosjid Market"",","""Aziz Moholla Mosjid Market"","
344,Dhaka,Dhaka East,Dhanmondi,Dhanmondi,31,A, Haque Garaze," Haque Garaze"",",""" Haque Garaze"","
345,Dhaka,Dhaka East,Dhanmondi,Dhanmondi,31,B, Babor Road," Babor Road"",",""" Babor Road"","
346,Dhaka,Dhaka East,Dhanmondi,Dhanmondi,31,A, Haque Garaze," Haque Garaze"",",""" Haque Garaze"","
347,Dhaka,Dhaka East,Dhanmondi,Dhanmondi,31,B, Chander Hat Khelar Math," Chander Hat Khelar Math"",",""" Chander Hat Khelar Math"","
348,Dhaka,Dhaka East,Dhanmondi,Dhanmondi,31,A, Ring Road," Ring Road"",",""" Ring Road"","
349,Dhaka,Dhaka East,Dhanmondi,Dhanmondi,31,B, Jahuri Moholla," Jahuri Moholla"",",""" Jahuri Moholla"","
350,Dhaka,Dhaka East,Dhanmondi,Dhanmondi,31,A, Mohonpur," Mohonpur"",",""" Mohonpur"","
351,Dhaka,Dhaka East,Dhanmondi,Dhanmondi,31,B, Jannatbag Khelar Math," Jannatbag Khelar Math"",",""" Jannatbag Khelar Math"","
352,Dhaka,Dhaka East,Dhanmondi,Dhanmondi,31,A, Mosjid Market," Mosjid Market"",",""" Mosjid Market"","
353,Dhaka,Dhaka East,Dhanmondi,Dhanmondi,31,B, Staff Quarter Camper Bazar," Staff Quarter Camper Bazar"",",""" Staff Quarter Camper Bazar"","
354,Dhaka,Dhaka East,Dhanmondi,Dhanmondi,31,A, Ring Road," Ring Road"",",""" Ring Road"","
355,Dhaka,Dhaka East,Dhanmondi,Dhanmondi,31,B, Tikka Para," Tikka Para"",",""" Tikka Para"","
356,Dhaka,Dhaka East,Dhanmondi,Dhanmondi,31,A, Shamoly Club," Shamoly Club"",",""" Shamoly Club"","
357,Dhaka,Dhaka East,Dhanmondi,Dhanmondi,31,A, Shamoly Hall," Shamoly Hall"",",""" Shamoly Hall"","
358,Dhaka,Dhaka East,Dhanmondi,Dhanmondi,31,A, Shamoly Khelar Math," Shamoly Khelar Math"",",""" Shamoly Khelar Math"","
359,Dhaka,Dhaka East,Dhanmondi,Dhanmondi,32,DS,Ikbal Road,"Ikbal Road"",","""Ikbal Road"","
360,Dhaka,Dhaka East,Dhanmondi,Dhanmondi,32,DS, Kath Potti sher Shah Suri Road," Kath Potti sher Shah Suri Road"",",""" Kath Potti sher Shah Suri Road"","
361,Dhaka,Dhaka East,Dhanmondi,Dhanmondi,32,DS, Sher Shah Suri Road," Sher Shah Suri Road"",",""" Sher Shah Suri Road"","
362,Dhaka,Dhaka East,Dhanmondi,Dhanmondi,32,DS, Tajmahal Road," Tajmahal Road"",",""" Tajmahal Road"","
363,Dhaka,Dhaka East,Dhanmondi,Dhanmondi,32,DS, Town Hall," Town Hall"",",""" Town Hall"","
364,Dhaka,Dhaka East,Dhanmondi,Dhanmondi,32,DS, Town Hall Bottola," Town Hall Bottola"",",""" Town Hall Bottola"","
365,Dhaka,Dhaka East,Dhanmondi,Dhanmondi,32,DS, Town Hall Camp Bazar," Town Hall Camp Bazar"",",""" Town Hall Camp Bazar"","
366,Dhaka,Dhaka East,Dhanmondi,Dhanmondi,32,DS, Town Hall Gate Govt. Market," Town Hall Gate Govt. Market"",",""" Town Hall Gate Govt. Market"","
367,Dhaka,Dhaka East,Dhanmondi,Dhanmondi,32,DS, Town Hall Govt. Market," Town Hall Govt. Market"",",""" Town Hall Govt. Market"","
368,Dhaka,Dhaka East,Dhanmondi,Dhanmondi,32,DS, Town Hall Kancha Bazar," Town Hall Kancha Bazar"",",""" Town Hall Kancha Bazar"","
369,Dhaka,Dhaka East,Dhanmondi,Dhanmondi,33,DS,Asad Avenue,"Asad Avenue"",","""Asad Avenue"","
370,Dhaka,Dhaka East,Dhanmondi,Dhanmondi,33,DS, BRTC Bus Stand," BRTC Bus Stand"",",""" BRTC Bus Stand"","
371,Dhaka,Dhaka East,Dhanmondi,Dhanmondi,33,DS, Minar Mosjid," Minar Mosjid"",",""" Minar Mosjid"","
372,Dhaka,Dhaka East,Dhanmondi,Dhanmondi,33,DS, Noor Jahan Road," Noor Jahan Road"",",""" Noor Jahan Road"","
373,Dhaka,Dhaka East,Dhanmondi,Dhanmondi,33,DS, Rajia Sultana Road," Rajia Sultana Road"",",""" Rajia Sultana Road"","
374,Dhaka,Dhaka East,Dhanmondi,Dhanmondi,33,DS, Solimulla Road," Solimulla Road"",",""" Solimulla Road"","
375,Dhaka,Dhaka East,Dhanmondi,Dhanmondi,33,DS, Tajmahal Road," Tajmahal Road"",",""" Tajmahal Road"","
376,Dhaka,Dhaka East,Dhanmondi,Dhanmondi,34,A,Adabar Thana Ring Road,"Adabar Thana Ring Road"",","""Adabar Thana Ring Road"","
377,Dhaka,Dhaka East,Dhanmondi,Dhanmondi,34,B,10 No. Shekertek,"10 No. Shekertek"",","""10 No. Shekertek"","
378,Dhaka,Dhaka East,Dhanmondi,Dhanmondi,34,A, Badshah Faisal In.," Badshah Faisal In."",",""" Badshah Faisal In."","
379,Dhaka,Dhaka East,Dhanmondi,Dhanmondi,34,B, Adabar 6 No. Road," Adabar 6 No. Road"",",""" Adabar 6 No. Road"","
380,Dhaka,Dhaka East,Dhanmondi,Dhanmondi,34,A, Kirshi Market Ring Road," Kirshi Market Ring Road"",",""" Kirshi Market Ring Road"","
381,Dhaka,Dhaka East,Dhanmondi,Dhanmondi,34,B, Baitul Aman Housing 7 No.," Baitul Aman Housing 7 No."",",""" Baitul Aman Housing 7 No."","
382,Dhaka,Dhaka East,Dhanmondi,Dhanmondi,34,A, Noor Jahan Road," Noor Jahan Road"",",""" Noor Jahan Road"","
383,Dhaka,Dhaka East,Dhanmondi,Dhanmondi,34,B, Japan Garden City Ring Road," Japan Garden City Ring Road"",",""" Japan Garden City Ring Road"","
384,Dhaka,Dhaka East,Dhanmondi,Dhanmondi,34,A, Ring Road Janata Housing," Ring Road Janata Housing"",",""" Ring Road Janata Housing"","
385,Dhaka,Dhaka East,Dhanmondi,Dhanmondi,34,B, Shekertek 1 -4 No. Road," Shekertek 1 -4 No. Road"",",""" Shekertek 1 -4 No. Road"","
386,Dhaka,Dhaka East,Dhanmondi,Dhanmondi,34,A, Ring Road Tikka Para," Ring Road Tikka Para"",",""" Ring Road Tikka Para"","
387,Dhaka,Dhaka East,Dhanmondi,Dhanmondi,34,B, Shekertek 1 No. Road," Shekertek 1 No. Road"",",""" Shekertek 1 No. Road"","
388,Dhaka,Dhaka East,Dhanmondi,Dhanmondi,34,A, Sampa Market Ring Road," Sampa Market Ring Road"",",""" Sampa Market Ring Road"","
389,Dhaka,Dhaka East,Dhanmondi,Dhanmondi,34,B, Shekertek 12 No. East Side," Shekertek 12 No. East Side"",",""" Shekertek 12 No. East Side"","
390,Dhaka,Dhaka East,Dhanmondi,Dhanmondi,34,A, Sia Masjid Ring Road," Sia Masjid Ring Road"",",""" Sia Masjid Ring Road"","
391,Dhaka,Dhaka East,Dhanmondi,Dhanmondi,34,B, Shekertek 12 No. West Side," Shekertek 12 No. West Side"",",""" Shekertek 12 No. West Side"","
392,Dhaka,Dhaka East,Dhanmondi,Dhanmondi,34,B, Shekertek 13 No. Road," Shekertek 13 No. Road"",",""" Shekertek 13 No. Road"","
393,Dhaka,Dhaka East,Dhanmondi,Dhanmondi,34,B, Shekertek 6-9 No. Road," Shekertek 6-9 No. Road"",",""" Shekertek 6-9 No. Road"","
394,Dhaka,Dhaka East,Dhanmondi,Dhanmondi,34,B, Sia Masjid Ring Road," Sia Masjid Ring Road"",",""" Sia Masjid Ring Road"","
395,Dhaka,Dhaka East,Dhanmondi,Dhanmondi,34,B, Sia Mosjid Road," Sia Mosjid Road"",",""" Sia Mosjid Road"","
396,Dhaka,Dhaka East,Dhanmondi,Dhanmondi,35,DS,Basbari Road,"Basbari Road"",","""Basbari Road"","
397,Dhaka,Dhaka East,Dhanmondi,Dhanmondi,35,DS, Kaba Masjid Road," Kaba Masjid Road"",",""" Kaba Masjid Road"","
398,Dhaka,Dhaka East,Dhanmondi,Dhanmondi,35,DS, Koba Mosjid Road," Koba Mosjid Road"",",""" Koba Mosjid Road"","
399,Dhaka,Dhaka East,Dhanmondi,Dhanmondi,35,DS, Mohammadia Housing Main," Mohammadia Housing Main"",",""" Mohammadia Housing Main"","
400,Dhaka,Dhaka East,Dhanmondi,Dhanmondi,35,DS, Nurjahan Road," Nurjahan Road"",",""" Nurjahan Road"","
401,Dhaka,Dhaka East,Dhanmondi,Dhanmondi,35,DS, Sat Mosjid Road," Sat Mosjid Road"",",""" Sat Mosjid Road"","
402,Dhaka,Dhaka East,Dhanmondi,Dhanmondi,35,DS, Sia Mosjid Road," Sia Mosjid Road"",",""" Sia Mosjid Road"","
403,Dhaka,Dhaka East,Dhanmondi,Dhanmondi,35,DS, Sonali Math," Sonali Math"",",""" Sonali Math"","
404,Dhaka,Dhaka East,Dhanmondi,Dhanmondi,36,DS,City College,"City College"",","""City College"","
405,Dhaka,Dhaka East,Dhanmondi,Dhanmondi,36,DS, Dhanmondi," Dhanmondi"",",""" Dhanmondi"","
406,Dhaka,Dhaka East,Dhanmondi,Dhanmondi,36,DS, Dhanmondi Club Math," Dhanmondi Club Math"",",""" Dhanmondi Club Math"","
407,Dhaka,Dhaka East,Dhanmondi,Dhanmondi,36,DS, Front of Lab Aid," Front of Lab Aid"",",""" Front of Lab Aid"","
408,Dhaka,Dhaka East,Dhanmondi,Dhanmondi,36,DS, Kalabagan," Kalabagan"",",""" Kalabagan"","
409,Dhaka,Dhaka East,Dhanmondi,Dhanmondi,36,DS, Rafa Plaza," Rafa Plaza"",",""" Rafa Plaza"","
410,Dhaka,Dhaka East,Dhanmondi,Dhanmondi,36,DS, Sobhanbag Corner," Sobhanbag Corner"",",""" Sobhanbag Corner"","
411,Dhaka,Dhaka East,Dhanmondi,Dhanmondi,36,DS, Star Kabab Dhanmondi 2 No.," Star Kabab Dhanmondi 2 No."",",""" Star Kabab Dhanmondi 2 No."","
412,Dhaka,Dhaka East,Dhanmondi,Dhanmondi,37,DS,Abahani Math,"Abahani Math"",","""Abahani Math"","
413,Dhaka,Dhaka East,Dhanmondi,Dhanmondi,37,DS, Anam Rangs Plaza," Anam Rangs Plaza"",",""" Anam Rangs Plaza"","
414,Dhaka,Dhaka East,Dhanmondi,Dhanmondi,37,DS, Dhanmondi 2 No," Dhanmondi 2 No"",",""" Dhanmondi 2 No"","
415,Dhaka,Dhaka East,Dhanmondi,Dhanmondi,37,DS, Dhanmondi 2 No.," Dhanmondi 2 No."",",""" Dhanmondi 2 No."","
416,Dhaka,Dhaka East,Dhanmondi,Dhanmondi,37,DS, Dhanmondi 3/2/1," Dhanmondi 3/2/1"",",""" Dhanmondi 3/2/1"","
417,Dhaka,Dhaka East,Dhanmondi,Dhanmondi,37,DS, Dhanmondi 3A/4A," Dhanmondi 3A/4A"",",""" Dhanmondi 3A/4A"","
418,Dhaka,Dhaka East,Dhanmondi,Dhanmondi,37,DS, Dhanmondi 6/5/4," Dhanmondi 6/5/4"",",""" Dhanmondi 6/5/4"","
419,Dhaka,Dhaka East,Dhanmondi,Dhanmondi,37,DS, Dhanmondi 8," Dhanmondi 8"",",""" Dhanmondi 8"","
420,Dhaka,Dhaka East,Dhanmondi,Dhanmondi,37,DS, IBN Sina 9/A," IBN Sina 9/A"",",""" IBN Sina 9/A"","
421,Dhaka,Dhaka East,Dhanmondi,Dhanmondi,37,DS, KFC 7/A," KFC 7/A"",",""" KFC 7/A"","
422,Dhaka,Dhaka East,Dhanmondi,Dhanmondi,37,DS, Medinova Medical," Medinova Medical"",",""" Medinova Medical"","
423,Dhaka,Dhaka East,Dhanmondi,Dhanmondi,37,DS, Northern University," Northern University"",",""" Northern University"","
424,Dhaka,Dhaka East,Dhanmondi,Dhanmondi,37,DS, Rifles Square," Rifles Square"",",""" Rifles Square"","
425,Dhaka,Dhaka East,Dhanmondi,Dhanmondi,37,DS, Robindro Sorobor," Robindro Sorobor"",",""" Robindro Sorobor"","
426,Dhaka,Dhaka East,Dhanmondi,Dhanmondi,37,DS, Zigatala Bus Stand," Zigatala Bus Stand"",",""" Zigatala Bus Stand"","
427,Dhaka,Dhaka East,Dhanmondi,Dhanmondi,38,DS,Abahani Field,"Abahani Field"",","""Abahani Field"","
428,Dhaka,Dhaka East,Dhanmondi,Dhanmondi,38,DS, Abahani Math," Abahani Math"",",""" Abahani Math"","
429,Dhaka,Dhaka East,Dhanmondi,Dhanmondi,38,DS, Bangladesh Medical," Bangladesh Medical"",",""" Bangladesh Medical"","
430,Dhaka,Dhaka East,Dhanmondi,Dhanmondi,38,DS, Dhanmondi 10/A," Dhanmondi 10/A"",",""" Dhanmondi 10/A"","
431,Dhaka,Dhaka East,Dhanmondi,Dhanmondi,38,DS, Dhanmondi 27 Meena Bazar," Dhanmondi 27 Meena Bazar"",",""" Dhanmondi 27 Meena Bazar"","
432,Dhaka,Dhaka East,Dhanmondi,Dhanmondi,38,DS, Dhanmondi 8," Dhanmondi 8"",",""" Dhanmondi 8"","
433,Dhaka,Dhaka East,Dhanmondi,Dhanmondi,38,DS, Dhanmondi Abahani Field," Dhanmondi Abahani Field"",",""" Dhanmondi Abahani Field"","
434,Dhaka,Dhaka East,Dhanmondi,Dhanmondi,38,DS, Dhanmondi Chayanot," Dhanmondi Chayanot"",",""" Dhanmondi Chayanot"","
435,Dhaka,Dhaka East,Dhanmondi,Dhanmondi,38,DS, Dhanmondi Naz E Noor Hotel," Dhanmondi Naz E Noor Hotel"",",""" Dhanmondi Naz E Noor Hotel"","
436,Dhaka,Dhaka East,Dhanmondi,Dhanmondi,38,DS, Dhanmondi Road 10/A," Dhanmondi Road 10/A"",",""" Dhanmondi Road 10/A"","
437,Dhaka,Dhaka East,Dhanmondi,Dhanmondi,38,DS, Dhanmondi Road 11A/12A," Dhanmondi Road 11A/12A"",",""" Dhanmondi Road 11A/12A"","
438,Dhaka,Dhaka East,Dhanmondi,Dhanmondi,38,DS, IBN Sina 9/A," IBN Sina 9/A"",",""" IBN Sina 9/A"","
439,Dhaka,Dhaka East,Dhanmondi,Dhanmondi,38,DS, KFC 7/A," KFC 7/A"",",""" KFC 7/A"","
440,Dhaka,Dhaka East,Dhanmondi,Dhanmondi,38,DS, Meena Bazar 9/A," Meena Bazar 9/A"",",""" Meena Bazar 9/A"","
441,Dhaka,Dhaka East,Dhanmondi,Dhanmondi,38,DS, Star Kabab," Star Kabab"",",""" Star Kabab"","
442,Dhaka,Dhaka East,Dhanmondi,Dhanmondi,39,DS,Bangladesh Eye Hospital,"Bangladesh Eye Hospital"",","""Bangladesh Eye Hospital"","
443,Dhaka,Dhaka East,Dhanmondi,Dhanmondi,39,DS, Dhanmondi 27 Meena Bazar," Dhanmondi 27 Meena Bazar"",",""" Dhanmondi 27 Meena Bazar"","
444,Dhaka,Dhaka East,Dhanmondi,Dhanmondi,39,DS, Lalmatia Block-D," Lalmatia Block-D"",",""" Lalmatia Block-D"","
445,Dhaka,Dhaka East,Dhanmondi,Dhanmondi,39,DS, Lalmatia Block-E," Lalmatia Block-E"",",""" Lalmatia Block-E"","
446,Dhaka,Dhaka East,Dhanmondi,Dhanmondi,39,DS, Lalmatia Minar Mosjid," Lalmatia Minar Mosjid"",",""" Lalmatia Minar Mosjid"","
447,Dhaka,Dhaka East,Dhanmondi,Dhanmondi,39,DS, Mohammadpur Thana," Mohammadpur Thana"",",""" Mohammadpur Thana"","
448,Dhaka,Dhaka East,Dhanmondi,Dhanmondi,39,DS, Nazrul Islam Road," Nazrul Islam Road"",",""" Nazrul Islam Road"","
449,Dhaka,Dhaka East,Dhanmondi,Dhanmondi,39,DS, Physical College," Physical College"",",""" Physical College"","
450,Dhaka,Dhaka East,Dhanmondi,Dhanmondi,39,DS, Town Hall Camp Bazar," Town Hall Camp Bazar"",",""" Town Hall Camp Bazar"","
451,Dhaka,Dhaka East,Dhanmondi,Dhanmondi,40,DS,Bangladesh Eye Hospital,"Bangladesh Eye Hospital"",","""Bangladesh Eye Hospital"","
452,Dhaka,Dhaka East,Dhanmondi,Dhanmondi,40,DS, Community Center," Community Center"",",""" Community Center"","
453,Dhaka,Dhaka East,Dhanmondi,Dhanmondi,40,DS, Opposite Of Shankar Mosjid," Opposite Of Shankar Mosjid"",",""" Opposite Of Shankar Mosjid"","
454,Dhaka,Dhaka East,Dhanmondi,Dhanmondi,40,DS, Popular," Popular"",",""" Popular"","
455,Dhaka,Dhaka East,Dhanmondi,Dhanmondi,40,DS, Shankar," Shankar"",",""" Shankar"","
456,Dhaka,Dhaka East,Dhanmondi,Dhanmondi,40,DS, Shankar Bus Stand," Shankar Bus Stand"",",""" Shankar Bus Stand"","
457,Dhaka,Dhaka East,Dhanmondi,Dhanmondi,40,DS, Shankar Tushar Hotel," Shankar Tushar Hotel"",",""" Shankar Tushar Hotel"","
458,Dhaka,Dhaka East,Dhanmondi,Dhanmondi,40,DS, Sher-e Bangla Road Pulpar," Sher-e Bangla Road Pulpar"",",""" Sher-e Bangla Road Pulpar"","
459,Dhaka,Dhaka East,Dhanmondi,Dhanmondi,40,DS, Zafrabad Pulpar," Zafrabad Pulpar"",",""" Zafrabad Pulpar"","
460,Dhaka,Dhaka East,Dhanmondi,Dhanmondi,40,DS, Zafrabad Shankar," Zafrabad Shankar"",",""" Zafrabad Shankar"","
461,Dhaka,Dhaka East,Dhanmondi,Dhanmondi,41,DS,Chairman Goli,"Chairman Goli"",","""Chairman Goli"","
462,Dhaka,Dhaka East,Dhanmondi,Dhanmondi,41,DS, City Cafe," City Cafe"",",""" City Cafe"","
463,Dhaka,Dhaka East,Dhanmondi,Dhanmondi,41,DS, Niribili Housing," Niribili Housing"",",""" Niribili Housing"","
464,Dhaka,Dhaka East,Dhanmondi,Dhanmondi,41,DS, Pathsala Goli," Pathsala Goli"",",""" Pathsala Goli"","
465,Dhaka,Dhaka East,Dhanmondi,Dhanmondi,41,DS, Rayer Bazar Community Center," Rayer Bazar Community Center"",",""" Rayer Bazar Community Center"","
466,Dhaka,Dhaka East,Dhanmondi,Dhanmondi,41,DS, Rayer Bazar Godigor Goli," Rayer Bazar Godigor Goli"",",""" Rayer Bazar Godigor Goli"","
467,Dhaka,Dhaka East,Dhanmondi,Dhanmondi,41,DS, Rayer Bazar Khalar Math," Rayer Bazar Khalar Math"",",""" Rayer Bazar Khalar Math"","
468,Dhaka,Dhaka East,Dhanmondi,Dhanmondi,41,DS, Shankar Balur math," Shankar Balur math"",",""" Shankar Balur math"","
469,Dhaka,Dhaka East,Dhanmondi,Dhanmondi,41,DS, Study Town," Study Town"",",""" Study Town"","
470,Dhaka,Dhaka East,Dhanmondi,Dhanmondi,42,DS,15 No. Staff Quarter,"15 No. Staff Quarter"",","""15 No. Staff Quarter"","
471,Dhaka,Dhaka East,Dhanmondi,Dhanmondi,42,DS, Dhanmondi Road 8/A," Dhanmondi Road 8/A"",",""" Dhanmondi Road 8/A"","
472,Dhaka,Dhaka East,Dhanmondi,Dhanmondi,42,DS, Zigatala," Zigatala"",",""" Zigatala"","
473,Dhaka,Dhaka East,Dhanmondi,Dhanmondi,42,DS, Zigatala Bus Stand," Zigatala Bus Stand"",",""" Zigatala Bus Stand"","
474,Dhaka,Dhaka East,Dhanmondi,Dhanmondi,42,DS, Zigatala Mour," Zigatala Mour"",",""" Zigatala Mour"","
475,Dhaka,Dhaka East,Dhanmondi,Dhanmondi,42,DS, Zigatala New Road," Zigatala New Road"",",""" Zigatala New Road"","
476,Dhaka,Dhaka East,Dhanmondi,Dhanmondi,42,DS, Zigatala Road," Zigatala Road"",",""" Zigatala Road"","
477,Dhaka,Dhaka East,Dhanmondi,Dhanmondi,42,DS, Zigatala Salek Garden," Zigatala Salek Garden"",",""" Zigatala Salek Garden"","
478,Dhaka,Dhaka East,Dhanmondi,Dhanmondi,42,DS, Zigatala Staff Quarter," Zigatala Staff Quarter"",",""" Zigatala Staff Quarter"","
479,Dhaka,Dhaka East,Dhanmondi,Dhanmondi,43,A,Baitul Mohoram Mosjid,"Baitul Mohoram Mosjid"",","""Baitul Mohoram Mosjid"","
480,Dhaka,Dhaka East,Dhanmondi,Dhanmondi,43,B,30 Feet Bou Bazar,"30 Feet Bou Bazar"",","""30 Feet Bou Bazar"","
481,Dhaka,Dhaka East,Dhanmondi,Dhanmondi,43,A, Boubazar Hazaribag," Boubazar Hazaribag"",",""" Boubazar Hazaribag"","
482,Dhaka,Dhaka East,Dhanmondi,Dhanmondi,43,B, Bou Bazar Hazaribag," Bou Bazar Hazaribag"",",""" Bou Bazar Hazaribag"","
483,Dhaka,Dhaka East,Dhanmondi,Dhanmondi,43,A, Chowdhury Leather Hazaribag," Chowdhury Leather Hazaribag"",",""" Chowdhury Leather Hazaribag"","
484,Dhaka,Dhaka East,Dhanmondi,Dhanmondi,43,B, Gojmohol Hazaribag," Gojmohol Hazaribag"",",""" Gojmohol Hazaribag"","
485,Dhaka,Dhaka East,Dhanmondi,Dhanmondi,43,A, Glass Factory Hazaribag," Glass Factory Hazaribag"",",""" Glass Factory Hazaribag"","
486,Dhaka,Dhaka East,Dhanmondi,Dhanmondi,43,B, Luna Tenary Hazaribag," Luna Tenary Hazaribag"",",""" Luna Tenary Hazaribag"","
487,Dhaka,Dhaka East,Dhanmondi,Dhanmondi,43,A, Gojmohol Hazaribag," Gojmohol Hazaribag"",",""" Gojmohol Hazaribag"","
488,Dhaka,Dhaka East,Dhanmondi,Dhanmondi,43,B, Sonatongor Hazaribag," Sonatongor Hazaribag"",",""" Sonatongor Hazaribag"","
489,Dhaka,Dhaka East,Dhanmondi,Dhanmondi,43,A, Hazaribag Post Office," Hazaribag Post Office"",",""" Hazaribag Post Office"","
490,Dhaka,Dhaka East,Dhanmondi,Dhanmondi,43,B, Sonatongor Tulagach Tola Hazaribag," Sonatongor Tulagach Tola Hazaribag"",",""" Sonatongor Tulagach Tola Hazaribag"","
491,Dhaka,Dhaka East,Dhanmondi,Dhanmondi,43,A, Hazaribag Thana," Hazaribag Thana"",",""" Hazaribag Thana"","
492,Dhaka,Dhaka East,Dhanmondi,Dhanmondi,43,B, Tenary Mour Hazaribag," Tenary Mour Hazaribag"",",""" Tenary Mour Hazaribag"","
493,Dhaka,Dhaka East,Dhanmondi,Dhanmondi,43,A, Zigatala Post Office," Zigatala Post Office"",",""" Zigatala Post Office"","
494,Dhaka,Dhaka East,Dhanmondi,Dhanmondi,44,A,Beri Bandh,"Beri Bandh"",","""Beri Bandh"","
495,Dhaka,Dhaka East,Dhanmondi,Dhanmondi,44,B,Bou Bazar,"Bou Bazar"",","""Bou Bazar"","
496,Dhaka,Dhaka East,Dhanmondi,Dhanmondi,44,A, Gas Field Jawchar," Gas Field Jawchar"",",""" Gas Field Jawchar"","
497,Dhaka,Dhaka East,Dhanmondi,Dhanmondi,44,B, Bou Bazar  ," Bou Bazar  "",",""" Bou Bazar  "","
498,Dhaka,Dhaka East,Dhanmondi,Dhanmondi,44,A, Godara Ghat Jawchar Road," Godara Ghat Jawchar Road"",",""" Godara Ghat Jawchar Road"","
499,Dhaka,Dhaka East,Dhanmondi,Dhanmondi,44,B, Boubazar Charak Ghata," Boubazar Charak Ghata"",",""" Boubazar Charak Ghata"","
500,Dhaka,Dhaka East,Dhanmondi,Dhanmondi,44,A, Hazaribag Bus Stand," Hazaribag Bus Stand"",",""" Hazaribag Bus Stand"","
501,Dhaka,Dhaka East,Dhanmondi,Dhanmondi,44,B, Rana Bekari," Rana Bekari"",",""" Rana Bekari"","
502,Dhaka,Dhaka East,Dhanmondi,Dhanmondi,44,A, Jawchar," Jawchar"",",""" Jawchar"","
503,Dhaka,Dhaka East,Dhanmondi,Dhanmondi,44,B, Rana Bekary," Rana Bekary"",",""" Rana Bekary"","
504,Dhaka,Dhaka East,Dhanmondi,Dhanmondi,44,A, Jawchar Goraghat," Jawchar Goraghat"",",""" Jawchar Goraghat"","
505,Dhaka,Dhaka East,Dhanmondi,Dhanmondi,44,B, Sikder Real Estate," Sikder Real Estate"",",""" Sikder Real Estate"","
506,Dhaka,Dhaka East,Dhanmondi,Dhanmondi,44,A, Jawchar Kacha Bazar," Jawchar Kacha Bazar"",",""" Jawchar Kacha Bazar"","
507,Dhaka,Dhaka East,Dhanmondi,Dhanmondi,44,B, Sikder Real Estate Tali Office," Sikder Real Estate Tali Office"",",""" Sikder Real Estate Tali Office"","
508,Dhaka,Dhaka East,Dhanmondi,Dhanmondi,44,A, Jawchar Kancha Bazar," Jawchar Kancha Bazar"",",""" Jawchar Kancha Bazar"","
509,Dhaka,Dhaka East,Dhanmondi,Dhanmondi,44,B, Tenari Mour," Tenari Mour"",",""" Tenari Mour"","
510,Dhaka,Dhaka East,Dhanmondi,Dhanmondi,44,A, Jawchar model Town," Jawchar model Town"",",""" Jawchar model Town"","
511,Dhaka,Dhaka East,Dhanmondi,Dhanmondi,44,B, Tollabag Tenari mour," Tollabag Tenari mour"",",""" Tollabag Tenari mour"","
512,Dhaka,Dhaka East,Dhanmondi,Dhanmondi,44,A, Jawchar Mosjid Road," Jawchar Mosjid Road"",",""" Jawchar Mosjid Road"","
513,Dhaka,Dhaka East,Dhanmondi,Dhanmondi,44,B, Yusuf Leather," Yusuf Leather"",",""" Yusuf Leather"","
514,Dhaka,Dhaka East,Dhanmondi,Dhanmondi,44,A, Jawchar Road," Jawchar Road"",",""" Jawchar Road"","
515,Dhaka,Dhaka East,Dhanmondi,Dhanmondi,44,A, Model Town ," Model Town "",",""" Model Town "","
516,Dhaka,Dhaka East,Dhanmondi,Dhanmondi,44,A, Model Town," Model Town"",",""" Model Town"","
517,Dhaka,Dhaka East,Dhanmondi,Dhanmondi,44,A, Jawchar," Jawchar"",",""" Jawchar"","
518,Dhaka,Dhaka East,Dhanmondi,Dhanmondi,44,A, Rana Market New Rasta Jawchar," Rana Market New Rasta Jawchar"",",""" Rana Market New Rasta Jawchar"","
519,Dhaka,Dhaka East,Dhanmondi,Dhanmondi,44,A, Rana Market," Rana Market"",",""" Rana Market"","
520,Dhaka,Dhaka East,Dhanmondi,Dhanmondi,44,A, Jawchar," Jawchar"",",""" Jawchar"","
521,Dhaka,Dhaka East,Dhanmondi,Dhanmondi,44,A, Shahjahan Sir Market," Shahjahan Sir Market"",",""" Shahjahan Sir Market"","
522,Dhaka,Dhaka East,Dhanmondi,Dhanmondi,44,A, Sikder Pump," Sikder Pump"",",""" Sikder Pump"","
523,Dhaka,Dhaka East,Dhanmondi,Dhanmondi,45,DS,15 No. Bus Stand,"15 No. Bus Stand"",","""15 No. Bus Stand"","
524,Dhaka,Dhaka East,Dhanmondi,Dhanmondi,45,DS, 250 Sultangonj Road," 250 Sultangonj Road"",",""" 250 Sultangonj Road"","
525,Dhaka,Dhaka East,Dhanmondi,Dhanmondi,45,DS, Hatembag Mosjid Janata Bank Mour," Hatembag Mosjid Janata Bank Mour"",",""" Hatembag Mosjid Janata Bank Mour"","
526,Dhaka,Dhaka East,Dhanmondi,Dhanmondi,45,DS, Hatembag Mosjid Mour," Hatembag Mosjid Mour"",",""" Hatembag Mosjid Mour"","
527,Dhaka,Dhaka East,Dhanmondi,Dhanmondi,45,DS, Modu Bazar," Modu Bazar"",",""" Modu Bazar"","
528,Dhaka,Dhaka East,Dhanmondi,Dhanmondi,45,DS, Rayar Bazar School Mour," Rayar Bazar School Mour"",",""" Rayar Bazar School Mour"","
529,Dhaka,Dhaka East,Dhanmondi,Dhanmondi,45,DS, Sher-e Bangla Road   ," Sher-e Bangla Road   "",",""" Sher-e Bangla Road   "","
530,Dhaka,Dhaka East,Dhanmondi,Dhanmondi,45,DS, Sultangonj Road Nimtala Mondir," Sultangonj Road Nimtala Mondir"",",""" Sultangonj Road Nimtala Mondir"","
531,Dhaka,Dhaka East,Dhanmondi,Dhanmondi,45,DS, Tali Office Mour," Tali Office Mour"",",""" Tali Office Mour"","
532,Dhaka,Dhaka East,Dhanmondi,Dhanmondi,46,DS,7/A,"7/A"",","""7/A"","
533,Dhaka,Dhaka East,Dhanmondi,Dhanmondi,46,DS, Dhanmondi," Dhanmondi"",",""" Dhanmondi"","
534,Dhaka,Dhaka East,Dhanmondi,Dhanmondi,46,DS, 7A Dhanmondi," 7A Dhanmondi"",",""" 7A Dhanmondi"","
535,Dhaka,Dhaka East,Dhanmondi,Dhanmondi,46,DS, Moneswar Road," Moneswar Road"",",""" Moneswar Road"","
536,Dhaka,Dhaka East,Dhanmondi,Dhanmondi,46,DS, Tenari Mour," Tenari Mour"",",""" Tenari Mour"","
537,Dhaka,Dhaka East,Dhanmondi,Dhanmondi,46,DS, Tenari Mour Water Pump," Tenari Mour Water Pump"",",""" Tenari Mour Water Pump"","
538,Dhaka,Dhaka East,Dhanmondi,Dhanmondi,46,DS, ULAB," ULAB"",",""" ULAB"","
539,Dhaka,Dhaka East,Dhanmondi,Dhanmondi,46,DS, Zigatala," Zigatala"",",""" Zigatala"","
540,Dhaka,Dhaka East,Dhanmondi,Dhanmondi,46,DS, Zigatala Mour," Zigatala Mour"",",""" Zigatala Mour"","
541,Dhaka,Dhaka East,Dhanmondi,Dhanmondi,46,DS, Zigatala New Road," Zigatala New Road"",",""" Zigatala New Road"","
542,Dhaka,Dhaka East,Dhanmondi,Dhanmondi,46,DS, Zigatola," Zigatola"",",""" Zigatola"","
543,Dhaka,Dhaka East,Dhanmondi,Dhanmondi,47,A,Chata Mosjid,"Chata Mosjid"",","""Chata Mosjid"","
544,Dhaka,Dhaka East,Dhanmondi,Dhanmondi,47,B,Modu Bazar,"Modu Bazar"",","""Modu Bazar"","
545,Dhaka,Dhaka East,Dhanmondi,Dhanmondi,47,A, City Market Rayar Bazar," City Market Rayar Bazar"",",""" City Market Rayar Bazar"","
546,Dhaka,Dhaka East,Dhanmondi,Dhanmondi,47,B, Mukti Hall," Mukti Hall"",",""" Mukti Hall"","
547,Dhaka,Dhaka East,Dhanmondi,Dhanmondi,47,A, Godigor Goli," Godigor Goli"",",""" Godigor Goli"","
548,Dhaka,Dhaka East,Dhanmondi,Dhanmondi,47,B, Nimtola Sultangonj," Nimtola Sultangonj"",",""" Nimtola Sultangonj"","
549,Dhaka,Dhaka East,Dhanmondi,Dhanmondi,47,A, Hazi Akter hossain Road," Hazi Akter hossain Road"",",""" Hazi Akter hossain Road"","
550,Dhaka,Dhaka East,Dhanmondi,Dhanmondi,47,B, Rayer Bazar," Rayer Bazar"",",""" Rayer Bazar"","
551,Dhaka,Dhaka East,Dhanmondi,Dhanmondi,47,A, Madrasa Goli," Madrasa Goli"",",""" Madrasa Goli"","
552,Dhaka,Dhaka East,Dhanmondi,Dhanmondi,47,B, Sultangonj  ," Sultangonj  "",",""" Sultangonj  "","
553,Dhaka,Dhaka East,Dhanmondi,Dhanmondi,47,A, Modu Bazar," Modu Bazar"",",""" Modu Bazar"","
554,Dhaka,Dhaka East,Dhanmondi,Dhanmondi,47,B, Sultangonj Parijat Market," Sultangonj Parijat Market"",",""" Sultangonj Parijat Market"","
555,Dhaka,Dhaka East,Dhanmondi,Dhanmondi,47,A, Sultangonj Road  ," Sultangonj Road  "",",""" Sultangonj Road  "","
556,Dhaka,Dhaka East,Dhanmondi,Dhanmondi,48,A,Rayar Bazar Mosjid,"Rayar Bazar Mosjid"",","""Rayar Bazar Mosjid"","
557,Dhaka,Dhaka East,Dhanmondi,Dhanmondi,48,B,Aziz Khan Road,"Aziz Khan Road"",","""Aziz Khan Road"","
558,Dhaka,Dhaka East,Dhanmondi,Dhanmondi,48,A, Sadek Khan Baitul Mosjid," Sadek Khan Baitul Mosjid"",",""" Sadek Khan Baitul Mosjid"","
559,Dhaka,Dhaka East,Dhanmondi,Dhanmondi,48,B, Hasem Khan market," Hasem Khan market"",",""" Hasem Khan market"","
560,Dhaka,Dhaka East,Dhanmondi,Dhanmondi,48,A, Sadek Khan Road," Sadek Khan Road"",",""" Sadek Khan Road"","
561,Dhaka,Dhaka East,Dhanmondi,Dhanmondi,48,B, Pabna House Goli," Pabna House Goli"",",""" Pabna House Goli"","
562,Dhaka,Dhaka East,Dhanmondi,Dhanmondi,48,A, Sadek Khan Road Bazar," Sadek Khan Road Bazar"",",""" Sadek Khan Road Bazar"","
563,Dhaka,Dhaka East,Dhanmondi,Dhanmondi,48,B, Sadek Khan Balu Math," Sadek Khan Balu Math"",",""" Sadek Khan Balu Math"","
564,Dhaka,Dhaka East,Dhanmondi,Dhanmondi,48,A, Sadek Khan Road Beri Bandh," Sadek Khan Road Beri Bandh"",",""" Sadek Khan Road Beri Bandh"","
565,Dhaka,Dhaka East,Dhanmondi,Dhanmondi,48,B, Sadek Khan Krishi Market," Sadek Khan Krishi Market"",",""" Sadek Khan Krishi Market"","
566,Dhaka,Dhaka East,Dhanmondi,Dhanmondi,48,A, Sadek Khan Road Mosjid," Sadek Khan Road Mosjid"",",""" Sadek Khan Road Mosjid"","
567,Dhaka,Dhaka East,Dhanmondi,Dhanmondi,49,A,Babri Mosjid Road,"Babri Mosjid Road"",","""Babri Mosjid Road"","
568,Dhaka,Dhaka East,Dhanmondi,Dhanmondi,49,B,Beribandh Boat Guard,"Beribandh Boat Guard"",","""Beribandh Boat Guard"","
569,Dhaka,Dhaka East,Dhanmondi,Dhanmondi,49,A, Bottola," Bottola"",",""" Bottola"","
570,Dhaka,Dhaka East,Dhanmondi,Dhanmondi,49,B, Boat Guard," Boat Guard"",",""" Boat Guard"","
571,Dhaka,Dhaka East,Dhanmondi,Dhanmondi,49,A, Bottola Road," Bottola Road"",",""" Bottola Road"","
572,Dhaka,Dhaka East,Dhanmondi,Dhanmondi,49,B, Boat Guard Buddijhibi," Boat Guard Buddijhibi"",",""" Boat Guard Buddijhibi"","
573,Dhaka,Dhaka East,Dhanmondi,Dhanmondi,49,A, Jafrabad Babri Mosjid," Jafrabad Babri Mosjid"",",""" Jafrabad Babri Mosjid"","
574,Dhaka,Dhaka East,Dhanmondi,Dhanmondi,49,B, Buddijibi," Buddijibi"",",""" Buddijibi"","
575,Dhaka,Dhaka East,Dhanmondi,Dhanmondi,49,A, Pulpar Road," Pulpar Road"",",""" Pulpar Road"","
576,Dhaka,Dhaka East,Dhanmondi,Dhanmondi,49,B, Jafrabad Babri Mosjid," Jafrabad Babri Mosjid"",",""" Jafrabad Babri Mosjid"","
577,Dhaka,Dhaka East,Dhanmondi,Dhanmondi,49,A, Rahim Bepari Gate," Rahim Bepari Gate"",",""" Rahim Bepari Gate"","
578,Dhaka,Dhaka East,Dhanmondi,Dhanmondi,49,B, Katasur Nama Bazar," Katasur Nama Bazar"",",""" Katasur Nama Bazar"","
579,Dhaka,Dhaka East,Dhanmondi,Dhanmondi,49,A, Rahim Bepari Ghat," Rahim Bepari Ghat"",",""" Rahim Bepari Ghat"","
580,Dhaka,Dhaka East,Dhanmondi,Dhanmondi,49,B, Pulpar Road," Pulpar Road"",",""" Pulpar Road"","
581,Dhaka,Dhaka East,Dhanmondi,Dhanmondi,49,A, Sadek Khan Road," Sadek Khan Road"",",""" Sadek Khan Road"","
582,Dhaka,Dhaka East,Dhanmondi,Dhanmondi,49,B, Sadek Khan ," Sadek Khan "",",""" Sadek Khan "","
583,Dhaka,Dhaka East,Dhanmondi,Dhanmondi,49,A, Sahid Buddijibi Road," Sahid Buddijibi Road"",",""" Sahid Buddijibi Road"","
584,Dhaka,Dhaka East,Dhanmondi,Dhanmondi,49,B, Sadek Khan Krishi Market," Sadek Khan Krishi Market"",",""" Sadek Khan Krishi Market"","
585,Dhaka,Dhaka East,Dhanmondi,Dhanmondi,49,A, Sher e Bangla Road," Sher e Bangla Road"",",""" Sher e Bangla Road"","
586,Dhaka,Dhaka East,Dhanmondi,Dhanmondi,49,B, Sikder Medical," Sikder Medical"",",""" Sikder Medical"","
587,Dhaka,Dhaka East,Dhanmondi,Dhanmondi,49,A, West Jafrabad," West Jafrabad"",",""" West Jafrabad"","
588,Dhaka,Dhaka East,Dhanmondi,Dhanmondi,50,A,Bosila Ghat,"Bosila Ghat"",","""Bosila Ghat"","
589,Dhaka,Dhaka East,Dhanmondi,Dhanmondi,50,B,Beribandh Green View Housing,"Beribandh Green View Housing"",","""Beribandh Green View Housing"","
590,Dhaka,Dhaka East,Dhanmondi,Dhanmondi,50,A, Bosila Moddo Para," Bosila Moddo Para"",",""" Bosila Moddo Para"","
591,Dhaka,Dhaka East,Dhanmondi,Dhanmondi,50,B, Boatguard Bazar," Boatguard Bazar"",",""" Boatguard Bazar"","
592,Dhaka,Dhaka East,Dhanmondi,Dhanmondi,50,A, Bosila Road," Bosila Road"",",""" Bosila Road"","
593,Dhaka,Dhaka East,Dhanmondi,Dhanmondi,50,B, Bosila Road," Bosila Road"",",""" Bosila Road"","
594,Dhaka,Dhaka East,Dhanmondi,Dhanmondi,50,A, Bosila School," Bosila School"",",""" Bosila School"","
595,Dhaka,Dhaka East,Dhanmondi,Dhanmondi,50,B, Chand Uddyan Main Road," Chand Uddyan Main Road"",",""" Chand Uddyan Main Road"","
596,Dhaka,Dhaka East,Dhanmondi,Dhanmondi,50,A, Bosila Terminal," Bosila Terminal"",",""" Bosila Terminal"","
597,Dhaka,Dhaka East,Dhanmondi,Dhanmondi,50,B, Hossan market," Hossan market"",",""" Hossan market"","
598,Dhaka,Dhaka East,Dhanmondi,Dhanmondi,50,A, Bosila Uttar Para," Bosila Uttar Para"",",""" Bosila Uttar Para"","
599,Dhaka,Dhaka East,Dhanmondi,Dhanmondi,50,B, Tinrasta Mour," Tinrasta Mour"",",""" Tinrasta Mour"","
600,Dhaka,Dhaka East,Dhanmondi,Dhanmondi,50,A, Hossan market," Hossan market"",",""" Hossan market"","
601,Dhaka,Dhaka East,Dhanmondi,Dhanmondi,50,A, Shahjalal Housing," Shahjalal Housing"",",""" Shahjalal Housing"","
602,Dhaka,Dhaka East,Dhanmondi,Dhanmondi,50,A, Teen Rastare Mour," Teen Rastare Mour"",",""" Teen Rastare Mour"","
603,Dhaka,Dhaka East,Dhanmondi,Dhanmondi,51,A,Ittadir Mour,"Ittadir Mour"",","""Ittadir Mour"","
604,Dhaka,Dhaka East,Dhanmondi,Dhanmondi,51,B,13No Bus Stand,"13No Bus Stand"",","""13No Bus Stand"","
605,Dhaka,Dhaka East,Dhanmondi,Dhanmondi,51,A, Katasur," Katasur"",",""" Katasur"","
606,Dhaka,Dhaka East,Dhanmondi,Dhanmondi,51,B, Bosila Road Nama Bazar," Bosila Road Nama Bazar"",",""" Bosila Road Nama Bazar"","
607,Dhaka,Dhaka East,Dhanmondi,Dhanmondi,51,A, Mokbul Hossan Digree College," Mokbul Hossan Digree College"",",""" Mokbul Hossan Digree College"","
608,Dhaka,Dhaka East,Dhanmondi,Dhanmondi,51,B, Kaderabad Nama Bazar," Kaderabad Nama Bazar"",",""" Kaderabad Nama Bazar"","
609,Dhaka,Dhaka East,Dhanmondi,Dhanmondi,51,A, Rahim Bepari Gate," Rahim Bepari Gate"",",""" Rahim Bepari Gate"","
610,Dhaka,Dhaka East,Dhanmondi,Dhanmondi,51,B, Mohammadpur Bus Stand," Mohammadpur Bus Stand"",",""" Mohammadpur Bus Stand"","
611,Dhaka,Dhaka East,Dhanmondi,Dhanmondi,51,A, Rahim Bepari Ghat," Rahim Bepari Ghat"",",""" Rahim Bepari Ghat"","
612,Dhaka,Dhaka East,Dhanmondi,Dhanmondi,51,B, Nama Bazar," Nama Bazar"",",""" Nama Bazar"","
613,Dhaka,Dhaka East,Dhanmondi,Dhanmondi,51,A, Rahim Bepari Ghat Kulvert," Rahim Bepari Ghat Kulvert"",",""" Rahim Bepari Ghat Kulvert"","
614,Dhaka,Dhaka East,Dhanmondi,Dhanmondi,51,B, Satmasjid Super Market," Satmasjid Super Market"",",""" Satmasjid Super Market"","
615,Dhaka,Dhaka East,Dhanmondi,Dhanmondi,51,A, Sher e Bangla Road," Sher e Bangla Road"",",""" Sher e Bangla Road"","
616,Dhaka,Dhaka East,Dhanmondi,Dhanmondi,51,B, Supar Market," Supar Market"",",""" Supar Market"","
617,Dhaka,Dhaka East,Dhanmondi,Dhanmondi,51,A, Sher-e Bangla Road," Sher-e Bangla Road"",",""" Sher-e Bangla Road"","
618,Dhaka,Dhaka East,Dhanmondi,Dhanmondi,51,B, Tempoo Stand Gas Factory," Tempoo Stand Gas Factory"",",""" Tempoo Stand Gas Factory"","
619,Dhaka,Dhaka East,Dhanmondi,Dhanmondi,51,A, Sher-e Bangla Road Katasur," Sher-e Bangla Road Katasur"",",""" Sher-e Bangla Road Katasur"","
620,Dhaka,Dhaka East,Dhanmondi,Dhanmondi,51,A, Sher-e Bangla Road Mohammadpur," Sher-e Bangla Road Mohammadpur"",",""" Sher-e Bangla Road Mohammadpur"","
621,Dhaka,Dhaka East,Dhanmondi,Dhanmondi,52,DS,4No Housing,"4No Housing"",","""4No Housing"","
622,Dhaka,Dhaka East,Dhanmondi,Dhanmondi,52,DS, 6No Beribadh," 6No Beribadh"",",""" 6No Beribadh"","
623,Dhaka,Dhaka East,Dhanmondi,Dhanmondi,52,DS, 6No Housing," 6No Housing"",",""" 6No Housing"","
624,Dhaka,Dhaka East,Dhanmondi,Dhanmondi,52,DS, Beribadh," Beribadh"",",""" Beribadh"","
625,Dhaka,Dhaka East,Dhanmondi,Dhanmondi,52,DS, Beribandh Main Road," Beribandh Main Road"",",""" Beribandh Main Road"","
626,Dhaka,Dhaka East,Dhanmondi,Dhanmondi,52,DS, Beribandh Mina Bazar," Beribandh Mina Bazar"",",""" Beribandh Mina Bazar"","
627,Dhaka,Dhaka East,Dhanmondi,Dhanmondi,52,DS, Houisng 3 No.," Houisng 3 No."",",""" Houisng 3 No."","
628,Dhaka,Dhaka East,Dhanmondi,Dhanmondi,52,DS, Houisng 4 No.," Houisng 4 No."",",""" Houisng 4 No."","
629,Dhaka,Dhaka East,Dhanmondi,Dhanmondi,52,DS, Houisng 6 No.," Houisng 6 No."",",""" Houisng 6 No."","
630,Dhaka,Dhaka East,Dhanmondi,Dhanmondi,52,DS, Mohammadi Housing 5 No.," Mohammadi Housing 5 No."",",""" Mohammadi Housing 5 No."","
631,Dhaka,Dhaka East,Dhanmondi,Dhanmondi,52,DS, Nobi Nagar 7no," Nobi Nagar 7no"",",""" Nobi Nagar 7no"","
632,Dhaka,Dhaka East,Dhanmondi,Dhanmondi,52,DS, Nobinagar 7 No. Road," Nobinagar 7 No. Road"",",""" Nobinagar 7 No. Road"","
633,Dhaka,Dhaka East,Dhanmondi,Dhanmondi,52,DS, Nobinagar Bazar," Nobinagar Bazar"",",""" Nobinagar Bazar"","
634,Dhaka,Dhaka East,Dhanmondi,Dhanmondi,52,DS, Sat Masjid Madrasa," Sat Masjid Madrasa"",",""" Sat Masjid Madrasa"","
635,Dhaka,Dhaka East,Dhanmondi,Dhanmondi,53,A,Al Noor Real Estate,"Al Noor Real Estate"",","""Al Noor Real Estate"","
636,Dhaka,Dhaka East,Dhanmondi,Dhanmondi,53,B,Chand Uddyan Housing,"Chand Uddyan Housing"",","""Chand Uddyan Housing"","
637,Dhaka,Dhaka East,Dhanmondi,Dhanmondi,53,A, Beribandh," Beribandh"",",""" Beribandh"","
638,Dhaka,Dhaka East,Dhanmondi,Dhanmondi,53,A, Chand Uddyan Housing," Chand Uddyan Housing"",",""" Chand Uddyan Housing"","
639,Dhaka,Dhaka East,Dhanmondi,Dhanmondi,53,A, Chand Uddyan Main Road," Chand Uddyan Main Road"",",""" Chand Uddyan Main Road"","
640,Dhaka,Dhaka East,Dhanmondi,Dhanmondi,53,A, Sat Masjid Madrasa," Sat Masjid Madrasa"",",""" Sat Masjid Madrasa"","
641,Dhaka,Dhaka East,Dhanmondi,Dhanmondi,53,A, Shopnonir Housing," Shopnonir Housing"",",""" Shopnonir Housing"","
642,Dhaka,Dhaka East,Dhanmondi,Dhanmondi,54,A,Hospital Road,"Hospital Road"",","""Hospital Road"","
643,Dhaka,Dhaka East,Dhanmondi,Dhanmondi,54,B,Beribandh Lohar Gate,"Beribandh Lohar Gate"",","""Beribandh Lohar Gate"","
644,Dhaka,Dhaka East,Dhanmondi,Dhanmondi,54,A, Mohammadia Housing Society," Mohammadia Housing Society"",",""" Mohammadia Housing Society"","
645,Dhaka,Dhaka East,Dhanmondi,Dhanmondi,54,B, Dhaka Uddyan Gate   ," Dhaka Uddyan Gate   "",",""" Dhaka Uddyan Gate   "","
646,Dhaka,Dhaka East,Dhanmondi,Dhanmondi,54,A, Nobodoy 10 No. Road," Nobodoy 10 No. Road"",",""" Nobodoy 10 No. Road"","
647,Dhaka,Dhaka East,Dhanmondi,Dhanmondi,54,B, Dhaka Uddyan Gate Beribandh," Dhaka Uddyan Gate Beribandh"",",""" Dhaka Uddyan Gate Beribandh"","
648,Dhaka,Dhaka East,Dhanmondi,Dhanmondi,54,A, Nobodoy Bazar," Nobodoy Bazar"",",""" Nobodoy Bazar"","
649,Dhaka,Dhaka East,Dhanmondi,Dhanmondi,54,B, Dhaka Uddyan Main Road," Dhaka Uddyan Main Road"",",""" Dhaka Uddyan Main Road"","
650,Dhaka,Dhaka East,Dhanmondi,Dhanmondi,54,A, Nobodoy Dhal," Nobodoy Dhal"",",""" Nobodoy Dhal"","
651,Dhaka,Dhaka East,Dhanmondi,Dhanmondi,54,B, Nobinagar 10 No. Road," Nobinagar 10 No. Road"",",""" Nobinagar 10 No. Road"","
652,Dhaka,Dhaka East,Dhanmondi,Dhanmondi,54,A, Nobodoy Kamal Housing," Nobodoy Kamal Housing"",",""" Nobodoy Kamal Housing"","
653,Dhaka,Dhaka East,Dhanmondi,Dhanmondi,54,B, Nobinagar 4 No. Road," Nobinagar 4 No. Road"",",""" Nobinagar 4 No. Road"","
654,Dhaka,Dhaka East,Dhanmondi,Dhanmondi,54,A, Nobodoy main Road," Nobodoy main Road"",",""" Nobodoy main Road"","
655,Dhaka,Dhaka East,Dhanmondi,Dhanmondi,54,B, Nobinagar 5 No. Road," Nobinagar 5 No. Road"",",""" Nobinagar 5 No. Road"","
656,Dhaka,Dhaka East,Dhanmondi,Dhanmondi,54,B, Nobinagar 7 No. Road," Nobinagar 7 No. Road"",",""" Nobinagar 7 No. Road"","
657,Dhaka,Dhaka East,Dhanmondi,Dhanmondi,54,B, Nobinagar 8 No. Road," Nobinagar 8 No. Road"",",""" Nobinagar 8 No. Road"","
658,Dhaka,Dhaka East,Dhanmondi,Dhanmondi,55,A,Dhaka Uddyan 1 No. Road,"Dhaka Uddyan 1 No. Road"",","""Dhaka Uddyan 1 No. Road"","
659,Dhaka,Dhaka East,Dhanmondi,Dhanmondi,55,B,Akkas nagar Dhaka Uddyan,"Akkas nagar Dhaka Uddyan"",","""Akkas nagar Dhaka Uddyan"","
660,Dhaka,Dhaka East,Dhanmondi,Dhanmondi,55,A, Dhaka Uddyan Main Road," Dhaka Uddyan Main Road"",",""" Dhaka Uddyan Main Road"","
661,Dhaka,Dhaka East,Dhanmondi,Dhanmondi,55,B, Azim Tower Beribandh," Azim Tower Beribandh"",",""" Azim Tower Beribandh"","
662,Dhaka,Dhaka East,Dhanmondi,Dhanmondi,55,A, Joynal Abedin Market," Joynal Abedin Market"",",""" Joynal Abedin Market"","
663,Dhaka,Dhaka East,Dhanmondi,Dhanmondi,55,B, Dhaka Uddyan 3 No. Road," Dhaka Uddyan 3 No. Road"",",""" Dhaka Uddyan 3 No. Road"","
664,Dhaka,Dhaka East,Dhanmondi,Dhanmondi,55,A, Shamoly Housing Ltd.," Shamoly Housing Ltd."",",""" Shamoly Housing Ltd."","
665,Dhaka,Dhaka East,Dhanmondi,Dhanmondi,55,B, Sunirbir Housing Bazar," Sunirbir Housing Bazar"",",""" Sunirbir Housing Bazar"","
666,Dhaka,Dhaka East,Dhanmondi,Dhanmondi,55,B, Switch Gate Beribandh," Switch Gate Beribandh"",",""" Switch Gate Beribandh"","
667,Dhaka,Dhaka East,Dhanmondi,Dhanmondi,56,A,16 No. Bazar Road Adabar,"16 No. Bazar Road Adabar"",","""16 No. Bazar Road Adabar"","
668,Dhaka,Dhaka East,Dhanmondi,Dhanmondi,56,B,Adabar 13 No. Road,"Adabar 13 No. Road"",","""Adabar 13 No. Road"","
669,Dhaka,Dhaka East,Dhanmondi,Dhanmondi,56,A, Ali Akbar Road Inside," Ali Akbar Road Inside"",",""" Ali Akbar Road Inside"","
670,Dhaka,Dhaka East,Dhanmondi,Dhanmondi,56,B, Adabar 13 No. Road inside," Adabar 13 No. Road inside"",",""" Adabar 13 No. Road inside"","
671,Dhaka,Dhaka East,Dhanmondi,Dhanmondi,56,A, Ali Akbar Road-1," Ali Akbar Road-1"",",""" Ali Akbar Road-1"","
672,Dhaka,Dhaka East,Dhanmondi,Dhanmondi,56,B, Adabar 16 No. Bazar Road," Adabar 16 No. Bazar Road"",",""" Adabar 16 No. Bazar Road"","
673,Dhaka,Dhaka East,Dhanmondi,Dhanmondi,56,A, Ali Akbar Road-2," Ali Akbar Road-2"",",""" Ali Akbar Road-2"","
674,Dhaka,Dhaka East,Dhanmondi,Dhanmondi,56,B, Adabar 17 No. Main Road," Adabar 17 No. Main Road"",",""" Adabar 17 No. Main Road"","
675,Dhaka,Dhaka East,Dhanmondi,Dhanmondi,56,A, Jahangir Alam Road inside," Jahangir Alam Road inside"",",""" Jahangir Alam Road inside"","
676,Dhaka,Dhaka East,Dhanmondi,Dhanmondi,56,B, Adabar 17 No. Road A," Adabar 17 No. Road A"",",""" Adabar 17 No. Road A"","
677,Dhaka,Dhaka East,Dhanmondi,Dhanmondi,56,A, Lutfor Rahman Road," Lutfor Rahman Road"",",""" Lutfor Rahman Road"","
678,Dhaka,Dhaka East,Dhanmondi,Dhanmondi,56,B, Adabar 17 No. Road B," Adabar 17 No. Road B"",",""" Adabar 17 No. Road B"","
679,Dhaka,Dhaka East,Dhanmondi,Dhanmondi,56,A, Sunibir Main Road-1," Sunibir Main Road-1"",",""" Sunibir Main Road-1"","
680,Dhaka,Dhaka East,Dhanmondi,Dhanmondi,56,B, Adabar 17 No. Road C," Adabar 17 No. Road C"",",""" Adabar 17 No. Road C"","
681,Dhaka,Dhaka East,Dhanmondi,Dhanmondi,56,A, Sunibir Main Road-2," Sunibir Main Road-2"",",""" Sunibir Main Road-2"","
682,Dhaka,Dhaka East,Dhanmondi,Dhanmondi,56,B, Adabar 18 No. Road B," Adabar 18 No. Road B"",",""" Adabar 18 No. Road B"","
683,Dhaka,Dhaka East,Dhanmondi,Dhanmondi,56,A, Sunibir Mosjid Road-1," Sunibir Mosjid Road-1"",",""" Sunibir Mosjid Road-1"","
684,Dhaka,Dhaka East,Dhanmondi,Dhanmondi,56,A, Sunirbir Mosjid Road-2," Sunirbir Mosjid Road-2"",",""" Sunirbir Mosjid Road-2"","
685,Dhaka,Dhaka East,Dhanmondi,Dhanmondi,57,A,Adabar 10,"Adabar 10"",","""Adabar 10"","
686,Dhaka,Dhaka East,Dhanmondi,Dhanmondi,57,B,Adabar Bazar,"Adabar Bazar"",","""Adabar Bazar"","
687,Dhaka,Dhaka East,Dhanmondi,Dhanmondi,57,A, Adabar 10 (Matha)," Adabar 10 (Matha)"",",""" Adabar 10 (Matha)"","
688,Dhaka,Dhaka East,Dhanmondi,Dhanmondi,57,B, Ahsan Ullah market," Ahsan Ullah market"",",""" Ahsan Ullah market"","
689,Dhaka,Dhaka East,Dhanmondi,Dhanmondi,57,A, Adabar 10 Bazar," Adabar 10 Bazar"",",""" Adabar 10 Bazar"","
690,Dhaka,Dhaka East,Dhanmondi,Dhanmondi,57,B, Nobodoy Housing Main Road," Nobodoy Housing Main Road"",",""" Nobodoy Housing Main Road"","
691,Dhaka,Dhaka East,Dhanmondi,Dhanmondi,57,A, Adabar 10 Main Road," Adabar 10 Main Road"",",""" Adabar 10 Main Road"","
692,Dhaka,Dhaka East,Dhanmondi,Dhanmondi,57,B, Shekertak 2," Shekertak 2"",",""" Shekertak 2"","
693,Dhaka,Dhaka East,Dhanmondi,Dhanmondi,57,A, Adabar 10 Near of Mosjid," Adabar 10 Near of Mosjid"",",""" Adabar 10 Near of Mosjid"","
694,Dhaka,Dhaka East,Dhanmondi,Dhanmondi,57,B, Shekertak 3," Shekertak 3"",",""" Shekertak 3"","
695,Dhaka,Dhaka East,Dhanmondi,Dhanmondi,57,A, Adabar 10 No. 1st Mour," Adabar 10 No. 1st Mour"",",""" Adabar 10 No. 1st Mour"","
696,Dhaka,Dhaka East,Dhanmondi,Dhanmondi,57,B, Shekertek 1," Shekertek 1"",",""" Shekertek 1"","
697,Dhaka,Dhaka East,Dhanmondi,Dhanmondi,57,A, Adabar 13," Adabar 13"",",""" Adabar 13"","
698,Dhaka,Dhaka East,Dhanmondi,Dhanmondi,57,B, Shekertek 2," Shekertek 2"",",""" Shekertek 2"","
699,Dhaka,Dhaka East,Dhanmondi,Dhanmondi,57,B, Shekertek 20," Shekertek 20"",",""" Shekertek 20"","
700,Dhaka,Dhaka East,Dhanmondi,Dhanmondi,57,A, Adabar 15," Adabar 15"",",""" Adabar 15"","
701,Dhaka,Dhaka East,Dhanmondi,Dhanmondi,57,B, Shekertek 3," Shekertek 3"",",""" Shekertek 3"","
702,Dhaka,Dhaka East,Dhanmondi,Dhanmondi,57,B, Shekertek 4," Shekertek 4"",",""" Shekertek 4"","
703,Dhaka,Dhaka East,Dhanmondi,Dhanmondi,57,A, Adabar 16  ," Adabar 16  "",",""" Adabar 16  "","
704,Dhaka,Dhaka East,Dhanmondi,Dhanmondi,57,A, Adabar 6," Adabar 6"",",""" Adabar 6"","
705,Dhaka,Dhaka East,Dhanmondi,Dhanmondi,57,A, Monsurabad," Monsurabad"",",""" Monsurabad"","
706,Dhaka,Dhaka East,Dhanmondi,Dhanmondi,57,B, Shekertek 7 No. Mour," Shekertek 7 No. Mour"",",""" Shekertek 7 No. Mour"","
707,Dhaka,Dhaka East,Dhanmondi,Dhanmondi,57,A, Monsurabad Gate," Monsurabad Gate"",",""" Monsurabad Gate"","
708,Dhaka,Dhaka East,Dhanmondi,Dhanmondi,57,B, Shekertek 7," Shekertek 7"",",""" Shekertek 7"","
709,Dhaka,Dhaka East,Dhanmondi,Dhanmondi,57,A, Monsurabad Housing," Monsurabad Housing"",",""" Monsurabad Housing"","
710,Dhaka,Dhaka East,Dhanmondi,Dhanmondi,57,B,Shekertek 8,"Shekertek 8"",","""Shekertek 8"","
711,Dhaka,Dhaka East,Dhanmondi,Dhanmondi,57,B,Shekertek 9,"Shekertek 9"",","""Shekertek 9"","
712,Dhaka,Dhaka East,Dhanmondi,Dhanmondi,58,A,4 NO. Adabar,"4 NO. Adabar"",","""4 NO. Adabar"","
713,Dhaka,Dhaka East,Dhanmondi,Dhanmondi,58,B,1 No. Adabar,"1 No. Adabar"",","""1 No. Adabar"","
714,Dhaka,Dhaka East,Dhanmondi,Dhanmondi,58,A, 4 no. Panir Pump," 4 no. Panir Pump"",",""" 4 no. Panir Pump"","
715,Dhaka,Dhaka East,Dhanmondi,Dhanmondi,58,B, Adabar 2 No. Road," Adabar 2 No. Road"",",""" Adabar 2 No. Road"","
716,Dhaka,Dhaka East,Dhanmondi,Dhanmondi,58,A, Adabar Bazar," Adabar Bazar"",",""" Adabar Bazar"","
717,Dhaka,Dhaka East,Dhanmondi,Dhanmondi,58,B, Adabar Chad Tola," Adabar Chad Tola"",",""" Adabar Chad Tola"","
718,Dhaka,Dhaka East,Dhanmondi,Dhanmondi,58,A, Adabor," Adabor"",",""" Adabor"","
719,Dhaka,Dhaka East,Dhanmondi,Dhanmondi,58,B, Adabar Chad Tola Mosjid Goli," Adabar Chad Tola Mosjid Goli"",",""" Adabar Chad Tola Mosjid Goli"","
720,Dhaka,Dhaka East,Dhanmondi,Dhanmondi,58,A, Alif Housing," Alif Housing"",",""" Alif Housing"","
721,Dhaka,Dhaka East,Dhanmondi,Dhanmondi,58,B, Adabar Dhaka Housing," Adabar Dhaka Housing"",",""" Adabar Dhaka Housing"","
722,Dhaka,Dhaka East,Dhanmondi,Dhanmondi,58,A, Shekertek 4 No. Road," Shekertek 4 No. Road"",",""" Shekertek 4 No. Road"","
723,Dhaka,Dhaka East,Dhanmondi,Dhanmondi,58,B, Mehedibag 1 No. Road," Mehedibag 1 No. Road"",",""" Mehedibag 1 No. Road"","
724,Dhaka,Dhaka East,Dhanmondi,Dhanmondi,58,A, Shekertek 5 No. Road," Shekertek 5 No. Road"",",""" Shekertek 5 No. Road"","
725,Dhaka,Dhaka East,Dhanmondi,Dhanmondi,58,B, Mehedibag 2 No. Road," Mehedibag 2 No. Road"",",""" Mehedibag 2 No. Road"","
726,Dhaka,Dhaka East,Dhanmondi,Dhanmondi,58,A, Shekertek Shamoly Housing," Shekertek Shamoly Housing"",",""" Shekertek Shamoly Housing"","
727,Dhaka,Dhaka East,Dhanmondi,Dhanmondi,58,B, Mehedibag 3 No. Road," Mehedibag 3 No. Road"",",""" Mehedibag 3 No. Road"","
728,Dhaka,Dhaka East,Dhanmondi,Dhanmondi,58,B, Mehedibag 4 No. Road," Mehedibag 4 No. Road"",",""" Mehedibag 4 No. Road"","
729,Dhaka,Dhaka East,Dhanmondi,Dhanmondi,59,DS,Kawranbazar,"Kawranbazar"",","""Kawranbazar"","
730,Dhaka,Dhaka East,Dhanmondi,Dhanmondi,59,DS, Mohammadpur," Mohammadpur"",",""" Mohammadpur"","
731,Dhaka,Dhaka East,Dhanmondi,Dhanmondi,59,DS, Kathal Bagan," Kathal Bagan"",",""" Kathal Bagan"","
732,Dhaka,Dhaka East,Dhanmondi,Dhanmondi,59,DS, Kolmilota market," Kolmilota market"",",""" Kolmilota market"","
733,Dhaka,Dhaka East,Dhanmondi,Dhanmondi,61,A,Chand Uddan R-7,"Chand Uddan R-7"",","""Chand Uddan R-7"","
734,Dhaka,Dhaka East,Dhanmondi,Dhanmondi,61,B,Dhaka Uddan Road 2 Block C,"Dhaka Uddan Road 2 Block C"",","""Dhaka Uddan Road 2 Block C"","
735,Dhaka,Dhaka East,Dhanmondi,Dhanmondi,61,A, Satmosjid Housing," Satmosjid Housing"",",""" Satmosjid Housing"","
736,Dhaka,Dhaka East,Dhanmondi,Dhanmondi,61,B, Turag Housing," Turag Housing"",",""" Turag Housing"","
737,Dhaka,Dhaka East,Dhanmondi,Dhanmondi,62,A,Salam Shordar Road,"Salam Shordar Road"",","""Salam Shordar Road"","
738,Dhaka,Dhaka East,Dhanmondi,Dhanmondi,62,B,Metro Housing,"Metro Housing"",","""Metro Housing"","
739,Dhaka,Dhaka East,Dhanmondi,Dhanmondi,62,A, Bhai Bhai Road," Bhai Bhai Road"",",""" Bhai Bhai Road"","
740,Dhaka,Dhaka East,Dhanmondi,Dhanmondi,62,B, Shajalal Housing," Shajalal Housing"",",""" Shajalal Housing"","
